F1,F5,F8,F9,F10,F12,F13,F14,F15,F17,F18,F26,F28,F82,F87,F254,F396,Result
5,3,0.667,9,7,6.5,-8.09,2.09,-0.9,5.7,16.6,0.1431,0.0097,0.115,-0.09,10.68,1,Hotspot
4,2,1,10,10,8,-6.22,1.61,-0.62,6.1,13.75,0.0792,0.0139,0.108,-0.59,8.6,0.1,Hotspot
5,5,0.2,11,13,9.5,-5.58,1.44,-0.51,12.9,21.79,0.244,0.0074,0.106,-0.09,5.97,0.1,Hotspot
7,6,0.133,10,13,8.5,-6.58,1.7,-0.66,0.3,21.59,0.0061,0.0128,0.106,-0.09,5.97,0.1,Hotspot
7,7,0.143,14,22,12,-26.93,6.97,-1.92,1.7,18.37,0.0642,0.0142,0.013,2.25,1.97,77,Hotspot
2,1,0,13,8,7,-2.18,0.56,-0.17,23.2,23.21,0.8328,0.0095,0.034,1.39,2.1,55,Hotspot
7,5,0,14,16,9.5,-22.25,5.76,-1.59,0,19.2,0.001,0.0145,0.013,2.25,1.97,77,Hotspot
7,6,0.133,12,17,11,-13,3.51,-1.08,2.4,26.32,0.0267,0.0071,0.065,1.53,2.4,66,Hotspot
4,3,0,8,15,9,-26.74,7.23,-3.34,6.2,34.03,0.3921,0.0136,0.11,-0.71,2.85,70,Hotspot
5,3,0.333,11,12,8.5,-26.9,7.27,-2.45,19.9,45.31,0.3216,0.0056,0.106,-0.09,5.97,0.1,Hotspot
8,7,0.286,12,10,7.5,-13.67,4.21,-1.14,2.2,18.47,0.085,0.0218,0.065,1.53,2.4,66,Hotspot
7,4,0.167,10,16,10,-37.79,6.94,-3.78,0.7,13.57,0.0107,0.0096,0.047,0.43,4.48,0.1,Hotspot
5,3,0,9,9,6.5,-11.12,2.04,-1.24,8.8,18.64,0.1406,0.0091,0.115,-0.09,10.68,1,Hotspot
3,3,0.333,7,3,3,-1.57,0.29,-0.22,25,14.13,0.9114,0.002,0.083,-0.7,5.56,0.1,Hotspot
6,5,0.1,11,17,9.5,-50.74,9.31,-4.61,12.8,18.35,0.5649,0.0093,0.106,-0.09,5.97,0.1,Hotspot
3,3,0.667,9,4,5.5,9.82,-1.8,1.09,4,13.52,0.0506,0.0101,0.06,-1.31,5.16,6,Hotspot
8,6,0.267,10,8,7,-18.26,3.35,-1.83,0,12.53,0.0008,0.0117,0.106,-0.09,5.97,0.1,Hotspot
4,4,0.167,12,11,6.5,-18.14,3.33,-1.51,35.2,16.11,0.8091,0.0073,0.065,1.53,2.4,66,Hotspot
5,5,0.2,8,17,10.5,-22.47,4.12,-2.81,2.7,13.22,0.0501,0.0116,0.11,-0.71,2.85,70,Hotspot
4,4,0.333,8,15,10.5,-55.49,10.18,-6.94,2.7,12.69,0.0368,0.0116,0.11,-0.71,2.85,70,Hotspot
6,5,0.333,14,12,9.5,-6.05,1.25,-0.43,0,17.78,0.0033,0.0191,0.025,1.24,3.24,33,Hotspot
1,0,0,13,11,8.5,-5.34,1.1,-0.41,22.8,22.83,1.1562,0.026,0.048,1.09,3.81,0.1,Hotspot
3,3,0,9,5,6.5,-12.05,2.48,-1.34,13.6,22.26,0.2454,0.0059,0.06,-1.31,5.16,6,Hotspot
3,3,0,6,10,7.5,-4.4,0.91,-0.73,0,20.18,0,0.0183,0.139,-0.93,6.78,0.1,Hotspot
2,2,0,8,10,8,-12.72,2.62,-1.59,20.9,22.1,0.3975,0.0081,0.11,-0.71,2.85,70,Hotspot
4,3,0,12,20,11.5,-15.52,3.2,-1.29,35.7,22.46,0.8315,0.0062,0.065,1.53,2.4,66,Hotspot
4,4,0,9,24,12.5,-46.38,12.02,-5.15,2.7,13.12,0.0268,0.0063,0.115,-0.09,10.68,1,Hotspot
4,3,0.667,9,17,10.5,-17.29,5.97,-1.92,8.6,18,0.1029,0.0073,0.115,-0.09,10.68,1,Hotspot
4,4,0.333,8,11,7.5,-6.54,2.26,-0.82,5.1,21.05,0.1038,0.0097,0.11,-0.71,2.85,70,Hotspot
2,2,1,7,9,7.5,-0.17,0.06,-0.02,20.7,17.75,0.4169,0,0.108,-0.59,8.6,0.1,Hotspot
7,7,0.19,14,5,7,-9.31,3.79,-0.67,4.6,14.53,0.2318,0.0196,0.013,2.25,1.97,77,Hotspot
7,5,0,12,16,10.5,-17.03,6.94,-1.42,2.6,35.52,0.0503,0.0088,0.065,1.53,2.4,66,Hotspot
2,2,0,8,14,8.5,-11.2,4.56,-1.4,22.8,40.32,0.6906,0.0118,0.11,-0.71,2.85,70,Hotspot
7,4,0,12,17,9,-17.83,7.27,-1.49,3,45.63,0.0646,0.0089,0.065,1.53,2.4,66,Hotspot
2,1,0,13,18,11,-25.67,4.21,-1.97,0,18.7,0,0.0089,0.048,1.09,3.81,0.1,Hotspot
4,3,0.333,14,19,11,-25.02,4.1,-1.79,20.4,17.16,0.2742,0.0044,0.013,2.25,1.97,77,Hotspot
3,3,0.333,8,10,5.5,-9.94,2.21,-1.24,31.7,27.95,0.6582,0.0087,0.11,-0.71,2.85,70,Hotspot
3,2,0,7,9,5.5,-14.47,3.21,-2.07,43.2,23.32,1.5369,0.0065,0.065,1.53,2.4,66,Hotspot
4,3,0.333,8,6,5.5,-4.38,0.97,-0.55,16.4,26.54,0.4745,0.0067,0.065,1.53,2.4,66,Hotspot
7,6,0.2,14,7,6.5,-17.5,3.88,-1.25,11,18.35,0.3307,0.0106,0.013,2.25,1.97,77,Hotspot
5,5,0.5,8,6,4.5,-7.82,1.74,-0.98,21.9,31.62,0.8181,0.0077,0.11,-0.71,2.85,70,Hotspot
6,6,0.3,9,1,4.5,-7.67,1.7,-0.85,9.5,23.46,0.3959,0.0125,0.06,-1.31,5.16,6,Hotspot
3,2,0,16,11,6.5,-7.68,1.7,-0.48,31.5,23.37,1.3844,0.0192,0.034,1.39,2.1,55,Hotspot
7,7,0.048,12,22,11.5,-45.04,10,-3.75,5.5,15.95,0.1387,0.014,0.065,1.53,2.4,66,Hotspot
3,2,0,10,16,11,-10.93,3.47,-1.09,8.2,39.26,0.0103,0.0094,0.041,1.53,4.37,18,Hotspot
4,3,0.333,14,12,9,-5.43,1.72,-0.39,8.4,44.59,0.3567,0.0054,0.025,1.24,3.24,33,Hotspot
5,4,0.333,16,21,12.5,-8.55,2.71,-0.53,3,25.02,0.9657,0.0003,0.034,1.39,2.1,55,Hotspot
5,4,0,16,6,6,-4.36,1.28,-0.27,0,39.26,0,0.0606,0.034,1.39,2.1,55,Hotspot
5,5,0,9,10,8,-28.55,7.47,-3.17,1.2,24.06,0.0139,0.0097,0.06,-1.31,5.16,6,Hotspot
3,2,0,9,13,9,-9.44,2.47,-1.05,1.7,2,0.0279,0.0084,0.115,-0.09,10.68,1,Hotspot
2,2,0,10,7,6,-14.94,3.91,-1.49,10.2,45.22,0.388,0.009,0.083,-0.7,5.56,0.1,Hotspot
8,6,0.067,14,10,6,-9.33,2.44,-0.67,0.8,2,0.1065,0.0147,0.013,2.25,1.97,77,Hotspot
2,2,1,10,13,7.5,-11.78,4.98,-1.18,12.2,52.79,0.206,0.0151,0.083,-0.7,5.56,0.1,Hotspot
5,4,0.167,7,5,4.5,-4.93,2.08,-0.7,4.2,10,0.1397,0.0106,0.098,-0.4,4.15,33,Hotspot
5,2,0,10,10,7,-10.87,4.59,-1.09,11.5,18.45,0.1707,0.0121,0.083,-0.7,5.56,0.1,Hotspot
6,5,0,12,10,7.5,-6.01,2.54,-0.5,4.3,10,0.3803,0.03,0.065,1.53,2.4,66,Hotspot
3,2,0,12,11,7.5,-7.54,3.19,-0.63,16.5,10,0.7375,0.0205,0.048,1.09,3.81,0.1,Hotspot
10,10,0.286,13,6,6,-7.12,1.44,-0.55,1.5,44.57,0.0709,0.0163,0.013,2.25,1.97,77,Hotspot
4,4,0.167,10,6,6.5,-4.5,0.91,-0.45,12.9,45.37,0.6675,0.0085,0.013,2.25,1.97,77,Hotspot
6,5,0.4,9,17,10,-40.51,8.17,-4.5,14.1,49.12,0.284,0.0078,0.115,-0.09,10.68,1,Hotspot
4,4,0.333,9,11,8.5,-12.11,3.07,-1.35,0.1,40.13,0.0669,0.0082,0.115,-0.09,10.68,1,Hotspot
4,3,0.333,11,11,8.5,-13.72,3.48,-1.25,16.9,40.73,0.8113,0.0032,0.065,1.53,2.4,66,Hotspot
2,1,0,10,9,5.5,-17.84,4.52,-1.78,22.2,46.36,1.2419,0.0036,0.083,-0.7,5.56,0.1,Hotspot
3,2,0,10,3,5,-5.56,1.41,-0.56,18.4,77.34,0.7173,0.0099,0.013,2.25,1.97,77,Hotspot
7,6,0.1,14,17,10.5,-22.84,5.79,-1.63,1,41.8,0.7178,0.0033,0.013,2.25,1.97,77,Hotspot
5,5,0,11,23,12.5,-18.07,5.24,-1.64,9.1,24.85,0.4948,0.0253,0.041,1.53,4.37,18,Hotspot
4,4,0.333,9,3,3,-21.49,6.23,-2.39,0.1,19.16,0.0453,0.0214,0.115,-0.09,10.68,1,Hotspot
5,4,0.333,8,9,6,-13.84,7.24,-1.73,6.1,3.99,0.2067,0.0124,0.11,-0.71,2.85,70,Hotspot
4,3,0.667,11,11,8,-20.54,8.28,-1.87,11.7,12.47,0.1932,0.0102,0.098,-0.4,4.15,33,Hotspot
4,4,0.333,8,15,8.5,-15.71,6.59,-1.96,20.2,11.29,0.4574,0.0094,0.11,-0.71,2.85,70,Hotspot
6,6,0.1,12,14,8,-12.8,5.37,-1.07,24.3,12.31,0.973,0.0089,0.065,1.53,2.4,66,Hotspot
6,6,0,9,40,21,-59.13,15.71,-6.57,0,15.76,0,0.0061,0.115,-0.09,10.68,1,Hotspot
1,1,0,6,1,1,-0.1,0.04,-0.02,63.8,16.73,1.3371,0.0001,0.11,-0.71,2.85,70,Hotspot
2,2,1,8,7,5.5,-2.99,1.06,-0.37,15,17.59,0.3335,0.0074,0.11,-0.71,2.85,70,Hotspot
6,6,0.267,12,17,11.5,-18.87,6.7,-1.57,0,16.14,0,0.0165,0.065,1.53,2.4,66,Hotspot
5,4,0.167,7,7,6,-5.4,1.92,-0.77,5.8,15.03,0.1621,0.012,0.065,1.53,2.4,66,Hotspot
4,3,0.667,12,13,8.5,-13.71,4.87,-1.14,20.5,16.57,0.6528,0.0115,0.065,1.53,2.4,66,Hotspot
5,3,1,9,9,7,-15.07,5.35,-1.67,9.9,12.32,0.2338,0.0101,0.115,-0.09,10.68,1,Hotspot
3,3,0.667,10,13,9,-11.58,4.76,-1.16,12.8,14.28,0.1381,0.0112,0.083,-0.7,5.56,0.1,Hotspot
6,6,0.333,9,10,9,-7.02,2.89,-0.78,0,14.29,0,0.0135,0.083,-0.7,5.56,0.1,Hotspot
6,5,0.4,12,14,10,-10.53,4.33,-0.88,11.2,13.42,0.7598,0.023,0.065,1.53,2.4,66,Hotspot
5,4,0.333,7,6,5,-3.82,1.57,-0.55,24.4,12.37,1.8059,0.0133,0.065,1.53,2.4,66,Hotspot
7,4,0.5,12,11,7.5,-9.68,3.98,-0.81,2.3,11.46,0.1028,0.0201,0.065,1.53,2.4,66,Hotspot
7,7,0.333,9,12,8.5,-11.36,4.67,-1.26,0,12.89,0.0177,0.0122,0.115,-0.09,10.68,1,Hotspot
4,3,0.333,9,6,6,-8.93,2.57,-0.99,7,15.3,0.1696,0.0101,0.115,-0.09,10.68,1,Hotspot
3,3,0.333,10,9,7.5,-6.96,2,-0.7,8.3,4.52,0.1851,0.0189,0.108,-0.59,8.6,0.1,Hotspot
4,4,0.333,11,11,8.5,-8.15,2.34,-0.74,14.9,16.11,0.2974,0.0073,0.106,-0.09,5.97,0.1,Hotspot
6,6,0.133,14,22,12,-28.23,8.12,-2.02,0.5,9.33,0.089,0.0133,0.013,2.25,1.97,77,Hotspot
2,1,0,14,10,7,-1.88,0.54,-0.13,19.6,19.41,0.5578,0.01,0.034,1.39,2.1,55,Hotspot
0,0,0,16,7,6.5,-6.3,1.81,-0.39,41.5,16.45,1.2828,0.008,0.034,1.39,2.1,55,Hotspot
7,7,0.2,14,16,9.5,-19.6,5.64,-1.4,0,9.43,0.0024,0.0138,0.013,2.25,1.97,77,Hotspot
5,4,0.333,9,13,8.5,-3.6,1.04,-0.4,1.2,15.3,0.0359,0.0121,0.106,-0.09,5.97,0.1,Hotspot
6,5,0.167,14,25,13,-29.03,9.14,-2.07,0,8.7,0.0043,0.0142,0.013,2.25,1.97,77,Hotspot
4,2,1,16,9,5.5,-1.72,0.54,-0.11,26.6,8.87,0.7706,0.0065,0.034,1.39,2.1,55,Hotspot
1,1,0,16,4,3.5,-4.06,1.28,-0.25,72.2,39.62,2.0988,0.0046,0.034,1.39,2.1,55,Hotspot
7,7,0.238,14,14,8.5,-19.75,6.22,-1.41,1.5,26.57,0.0529,0.0134,0.013,2.25,1.97,77,Hotspot
8,7,0.381,11,8,6,-9.48,2.98,-0.86,0,19.53,0.0313,0.0157,0.106,-0.09,5.97,0.1,Hotspot
6,3,0.333,9,10,8.5,-5.04,1.06,-0.56,0.3,9.76,0.0234,0.0411,0.041,1.53,4.37,18,Hotspot
7,7,0.2,14,27,16,-15.57,3.28,-1.11,0.2,25.23,0.01,0.0054,0.013,2.25,1.97,77,Hotspot
3,3,0,4,16,11,-2.7,0.57,-0.68,0.2,14.4,0.0023,0.029,0.085,-0.84,9.14,0.1,Hotspot
2,1,0,16,21,13,-9.62,2.03,-0.6,3.7,12.01,0.0405,0.0075,0.034,1.39,2.1,55,Hotspot
5,5,0.167,11,18,11.5,-37.67,7.93,-3.42,9.3,29.46,0.1608,0.0048,0.106,-0.09,5.97,0.1,Hotspot
4,1,0,14,20,12,-12.1,2.55,-0.86,1.7,24.2,0.022,0.0067,0.025,1.24,3.24,33,Hotspot
4,4,0.5,10,6,3,-14.32,4.5,-1.43,37.8,52.02,1.4954,0.0073,0.047,0.43,4.48,0.1,Hotspot
3,2,0,14,16,9,-19.31,6.07,-1.38,4.6,32.16,0.1246,0.0081,0.025,1.24,3.24,33,Hotspot
7,7,0.19,14,19,11,-13.28,4.17,-0.95,19.8,40.31,0.3132,0.0053,0.013,2.25,1.97,77,Hotspot
8,7,0.095,12,23,14,-11.74,3.69,-0.98,0,14.81,0.0004,0.0119,0.065,1.53,2.4,66,Hotspot
4,4,0.333,11,17,9.5,-10.2,3.2,-0.93,7.4,26.5,0.1846,0.007,0.041,1.53,4.37,18,Hotspot
6,5,0.3,9,6,6,-3.62,0.9,-0.4,0.6,9.46,0.0117,0.0082,0.106,-0.09,5.97,0.1,Hotspot
8,7,0.19,12,19,9.5,-20.09,5,-1.67,3.7,12.03,0.31,0.0221,0.065,1.53,2.4,66,Hotspot
5,5,0.333,8,4,5,-0.45,0.11,-0.06,0,12.03,0.055,0.0043,0.06,-1.31,5.16,6,Hotspot
4,2,0,11,8,5,-10.36,6.06,-0.94,25.4,3.16,1.2239,0.0095,0.041,1.53,4.37,18,Hotspot
5,4,0.167,8,9,5.5,-26.16,6.04,-3.27,0.3,5.01,0.0112,0.0202,0.082,1.27,2.18,54,Hotspot
6,4,0.167,5,3,4.5,-2.63,0.61,-0.53,0.2,9.9,0.0545,0.0147,0.041,1.53,4.37,18,Hotspot
4,4,0,10,9,7,-9.19,1.77,-0.92,25.8,6.02,0.4756,0.0037,0.013,2.25,1.97,77,Hotspot
5,5,0.167,14,9,7,-11.22,4.99,-0.8,5.1,50.04,0.1037,0.0088,0.013,2.25,1.97,77,Hotspot
6,5,0.3,9,17,11,-19.59,6.58,-2.18,1.4,17.84,0.0355,0.0079,0.115,-0.09,10.68,1,Hotspot
5,4,0.333,8,11,7.5,-7.67,2.58,-0.96,6.8,17.92,0.1308,0.011,0.11,-0.71,2.85,70,Hotspot
0,0,0,4,5,9.5,-2.1,0.53,-0.53,0,48.27,0,0.0377,0.085,-0.84,9.14,0.1,Hotspot
1,1,0,8,8,5,-3.92,2.02,-0.49,18,179.48,0.3267,0.0115,0.11,-0.71,2.85,70,Hotspot
3,3,0.333,14,10,7,-5.71,2.94,-0.41,28.8,147.82,1.2204,0.0188,0.025,1.24,3.24,33,Hotspot
2,1,0,11,15,8.5,-12.08,4.63,-1.1,36.8,161.19,0.7636,0.0062,0.106,-0.09,5.97,0.1,Hotspot
2,2,0,11,12,7,-8.42,4.34,-0.77,44,107.29,1.4657,0.0104,0.041,1.53,4.37,18,Hotspot
5,5,0.167,16,14,8.5,-8.07,4.16,-0.5,7.5,42.14,1.3028,0.0271,0.034,1.39,2.1,55,Hotspot
4,4,0,14,20,10,-20.45,7.85,-1.46,19.3,63.97,1.4133,0.0272,0.025,1.24,3.24,33,Hotspot
2,2,0,8,7,6.5,-3.65,1.25,-0.46,17.2,15.95,0.2185,0.0075,0.11,-0.71,2.85,70,Hotspot
4,4,0.167,10,16,10,-18.64,6.39,-1.86,1.8,14.77,0.0301,0.0119,0.047,0.43,4.48,0.1,Hotspot
6,6,0,12,17,10.5,-11.49,3.94,-0.96,0.6,12.6,0.0152,0.0231,0.065,1.53,2.4,66,Hotspot
2,1,0,8,7,5,-5.42,1.86,-0.68,60.6,28.15,1.1849,0.0028,0.06,-1.31,5.16,6,Hotspot
4,3,0,11,12,9.5,-10.94,3.75,-0.99,7.4,17.06,0.1721,0.0089,0.106,-0.09,5.97,0.1,Hotspot
5,5,0.2,9,8,7,-10.59,2.42,-1.18,1.7,18.58,0.0695,0.0126,0.06,-1.31,5.16,6,Hotspot
5,3,0,10,19,12.5,-22.55,5.16,-2.25,0.2,17.89,0.0579,0.0191,0.041,1.53,4.37,18,Hotspot
4,4,0,9,3,5,-9.21,3,-1.02,26.6,16.82,0.5267,0.0035,0.115,-0.09,10.68,1,Hotspot
2,2,0,8,6,5.5,-3.98,1.3,-0.5,20.1,30.18,0.7806,0.0096,0.013,2.25,1.97,77,Hotspot
5,5,0.3,10,4,5.5,-1.94,0.86,-0.19,0,52.5,0,0.0164,0.108,-0.59,8.6,0.1,Hotspot
7,6,0.1,12,14,8.5,-19.7,9.92,-1.64,4.9,35.36,0.1283,0.0113,0.065,1.53,2.4,66,Hotspot
7,5,0,6,10,8,-1.73,0.45,-0.29,2,16.9,0.0923,0.0153,0.065,1.53,2.4,66,NH
4,3,0,11,9,9,-22.01,5.69,-2,12.7,23.3,0.2662,0.0057,0.106,-0.09,5.97,0.1,NH
3,3,0,9,9,7.5,-13.84,3.58,-1.54,4.3,25.77,0.0901,0.0117,0.115,-0.09,10.68,1,NH
3,3,0.667,9,8,8,-5.91,1.53,-0.66,12.5,15.88,0.1496,0.0073,0.06,-1.31,5.16,6,NH
3,3,0.333,10,8,7.5,-0.42,0.11,-0.04,15.4,23.84,0.4126,0.0108,0.047,0.43,4.48,0.1,NH
6,4,0.167,10,8,8.5,-6.56,1.7,-0.66,1.8,20.32,0.0409,0.0138,0.047,0.43,4.48,0.1,NH
3,3,0,11,3,4.5,-3.25,0.84,-0.3,35.3,31.14,0.6012,0.0022,0.098,-0.4,4.15,33,NH
3,2,0,11,8,7.5,-5.18,1.34,-0.47,18.1,23.42,0.4929,0.0099,0.041,1.53,4.37,18,NH
2,2,0,12,14,10,-12.37,3.2,-1.03,19.5,25.27,0.6614,0.0124,0.065,1.53,2.4,66,NH
4,3,0.333,11,13,8.5,-12.19,3.15,-1.11,37.6,38.88,0.7538,0.0059,0.098,-0.4,4.15,33,NH
1,1,0,6,5,6,-0.91,0.24,-0.15,0.5,44.2,0.0295,0.0251,0.139,-0.93,6.78,0.1,NH
4,4,0.167,9,6,4.5,-21.94,5.68,-2.44,12.2,32.68,0.4963,0.0039,0.06,-1.31,5.16,6,NH
3,3,0,6,12,6,-15.55,4.02,-2.59,21.5,28.92,0.5898,0.0215,0.139,-0.93,6.78,0.1,NH
2,2,0,10,13,8.5,-5.9,1.53,-0.59,32.5,27.34,0.4365,0.0114,0.083,-0.7,5.56,0.1,NH
1,1,0,9,5,4.5,1.56,-0.4,0.17,73.2,44.52,1.1338,0.0022,0.06,-1.31,5.16,6,NH
0,0,0,4,3,2.5,-0.23,0.06,-0.06,38.4,76.1,0.8149,0.0005,0.108,-0.59,8.6,0.1,NH
0,0,0,9,6,3.5,-2.5,0.65,-0.28,115.7,78.13,2.1617,0.0016,0.098,-0.4,4.15,33,NH
2,2,0,9,6,5,-3.07,0.79,-0.34,53,75.9,1.0602,0.0039,0.06,-1.31,5.16,6,NH
4,3,0,7,1,2,-0.22,0.06,-0.03,34.9,20.42,1.2342,0.0012,0.013,2.25,1.97,77,NH
1,1,0,6,3,3.5,-0.7,0.18,-0.12,53.2,22.6,1.2116,0.0087,0.139,-0.93,6.78,0.1,NH
4,3,0,6,5,2.5,-4.02,1.04,-0.67,1.4,21.28,0.1032,0.0223,0.139,-0.93,6.78,0.1,NH
2,2,0,9,5,4,-4.69,1.21,-0.52,27.3,39.08,0.7116,0.0066,0.06,-1.31,5.16,6,NH
3,3,0.667,9,5,4,-2.81,0.73,-0.31,29.9,33.55,0.6471,0.0034,0.115,-0.09,10.68,1,NH
2,2,0,6,5,6,-0.81,0.21,-0.14,2.2,24.66,0.0661,0.0216,0.139,-0.93,6.78,0.1,NH
1,1,0,11,11,6.5,-3.5,0.91,-0.32,67.1,34.7,1.2775,0.0028,0.098,-0.4,4.15,33,NH
3,3,1,9,12,7.5,-0.87,0.23,-0.1,51.5,29.95,1.1264,0.006,0.115,-0.09,10.68,1,NH
2,2,0,12,8,5.5,-2.71,0.7,-0.23,22,15.26,0.9565,0.0193,0.048,1.09,3.81,0.1,NH
4,4,0,11,10,7.5,0.61,-0.16,0.06,18.5,41.17,0.6769,0.0061,0.106,-0.09,5.97,0.1,NH
4,4,0.333,10,14,7.5,-17.17,4.44,-1.72,23.8,37.17,0.2409,0.0093,0.083,-0.7,5.56,0.1,NH
2,0,0,6,7,5,-3.31,0.86,-0.55,7.6,40.87,0.2433,0.0193,0.139,-0.93,6.78,0.1,NH
6,4,0.333,12,8,7.5,-4,1.08,-0.33,26.7,39.05,1.135,0.0075,0.013,2.25,1.97,77,NH
3,2,0,1,2,5,-0.02,0.01,-0.02,27,37.6,0.5716,0,0.06,-1.31,5.16,6,NH
4,4,0.5,6,4,5,-5.31,1.43,-0.88,0,25.46,0,0.0281,0.139,-0.93,6.78,0.1,NH
3,3,0.333,9,10,9,-6.16,1.66,-0.68,16.3,33.7,0.5639,0.0102,0.115,-0.09,10.68,1,NH
5,5,0.333,5,3,5.5,-3.41,0.92,-0.68,14.9,33.6,0.3068,0.0056,0.06,-1.31,5.16,6,NH
1,1,0,2,3,3.5,-0.13,0.04,-0.07,64.3,64.18,1.4579,0.0002,0.106,-0.09,5.97,0.1,NH
4,4,0.167,7,7,5,2.05,-0.55,0.29,15.6,58.74,0.345,0.0078,0.06,-1.31,5.16,6,NH
4,3,0.333,7,4,4,-1.52,0.41,-0.22,10,38.49,0.1772,0.0061,0.098,-0.4,4.15,33,NH
5,4,0.167,9,5,5.5,-5,1.35,-0.56,5.8,29.39,0.127,0.0053,0.047,0.43,4.48,0.1,NH
6,4,0.333,11,12,9,-49.33,13.33,-4.48,16.5,46.6,0.3286,0.006,0.106,-0.09,5.97,0.1,NH
4,3,1,4,2,3.5,-0.05,0.01,-0.01,20.1,33.8,0.433,0,0.106,-0.09,5.97,0.1,NH
1,0,0,10,3,3.5,-1.13,0.31,-0.11,90.4,91.98,1.2744,0.0016,0.083,-0.7,5.56,0.1,NH
4,4,0.167,10,9,6.5,-14.49,3.92,-1.45,23.3,49.97,0.5132,0.0094,0.047,0.43,4.48,0.1,NH
5,5,0.333,12,13,8.5,-11.66,3.15,-0.97,40.3,35.71,0.4939,0.0029,0.013,2.25,1.97,77,NH
2,1,0,8,3,3,3.41,-1.8,0.43,45.9,53.78,0.7696,0.0038,0.11,-0.71,2.85,70,NH
2,2,0,10,9,6,-2.63,0.81,-0.26,15.5,5.6,0.7159,0.0081,0.108,-0.59,8.6,0.1,NH
0,0,0,13,5,3.5,-2.38,0.73,-0.18,74.1,61.18,2.5182,0.0054,0.048,1.09,3.81,0.1,NH
2,2,0,8,4,4.5,1.32,-0.24,0.17,26.4,16.88,0.4615,0,0.11,-0.71,2.85,70,NH
4,4,0.167,9,10,6,-10.75,1.97,-1.19,28,17.52,0.919,0.007,0.06,-1.31,5.16,6,NH
0,0,0,8,8,6,-3.17,0.65,-0.4,73.5,30.56,0.9201,0.0028,0.083,-0.7,5.56,0.1,NH
0,0,0,8,4,3,-1.11,0.23,-0.14,82.7,25.79,1.3785,0,0.11,-0.71,2.85,70,NH
1,1,0,6,2,1,-1.43,0.29,-0.24,86.9,28.37,1.8199,0.0008,0.139,-0.93,6.78,0.1,NH
1,1,0,9,5,4.5,-0.13,0.03,-0.01,92.1,29.66,1.3099,0,0.06,-1.31,5.16,6,NH
3,2,0,5,2,4,-0.09,0.02,-0.02,60.8,27.66,0.8671,0,0.06,-1.31,5.16,6,NH
2,1,0,1,3,4.5,-0.05,0.01,-0.05,62.6,29.89,0.9462,0,0.115,-0.09,10.68,1,NH
2,2,0,6,4,4,-2.48,0.51,-0.41,36.7,28.94,0.5988,0.0041,0.139,-0.93,6.78,0.1,NH
2,2,0,13,5,4.5,-2.62,1.02,-0.2,44.3,25.07,0.7565,0.0034,0.034,1.39,2.1,55,NH
5,5,0.2,7,3,5.5,0,0,0,16.3,20.92,0.2212,0,0.106,-0.09,5.97,0.1,NH
1,0,0,11,7,4,-9.75,3.78,-0.89,42,31.85,0.6263,0.0026,0.106,-0.09,5.97,0.1,NH
1,1,0,10,5,4,-1.4,0.36,-0.14,32.6,27.53,0.5663,0.0058,0.108,-0.59,8.6,0.1,NH
3,2,0,7,12,6,-11.95,3.1,-1.71,19.5,15.87,0.3336,0.0099,0.301,-0.01,5.14,42,NH
1,0,0,12,5,5.5,-0.92,0.24,-0.08,41.3,13.92,0.7745,0.0029,0.048,1.09,3.81,0.1,NH
2,2,1,8,7,4,-9.56,3.08,-1.2,53.3,31.34,1.7432,0.0045,0.11,-0.71,2.85,70,NH
3,3,0,1,1,3.5,-0.02,0.01,-0.02,36.7,36.01,0.6099,-0.0003,0.106,-0.09,5.97,0.1,NH
2,2,0,9,4,3.5,-0.09,0.03,-0.01,48.2,29.95,0.955,0.0039,0.047,0.43,4.48,0.1,NH
3,1,0,11,16,8.5,-28.27,9.12,-2.57,37.6,26.38,0.2724,0.0062,0.106,-0.09,5.97,0.1,NH
6,4,0.167,14,8,7,-11.64,3.76,-0.83,12,17.3,1.4879,0.0127,0.013,2.25,1.97,77,NH
1,1,0,7,3,3,-0.18,0.06,-0.03,56.7,23.3,2.1001,-0.0124,0.301,-0.01,5.14,42,NH
1,1,0,7,1,1.5,-0.08,0.03,-0.01,77.5,56.09,0.0013,0.0075,0.106,-0.09,5.97,0.1,NH
4,4,0.333,7,3,3,-1,0.32,-0.14,38,25.92,0.3051,0.0027,0.115,-0.09,10.68,1,NH
3,3,0,9,4,4,-7.74,2.5,-0.86,24.9,25.76,0.6437,0.006,0.06,-1.31,5.16,6,NH
4,3,0.333,10,15,8.5,-10.94,3.53,-1.09,14,30.98,0.6571,0.0033,0.047,0.43,4.48,0.1,NH
3,2,0,11,5,5,-2.24,0.62,-0.2,33.6,18.29,1.3515,0.0063,0.041,1.53,4.37,18,NH
4,4,0,2,1,2.5,-0.02,0.01,-0.01,3.8,17.42,0.3136,0,0.034,1.39,2.1,55,NH
0,0,0,9,4,3,-0.91,0.25,-0.1,72.8,43.23,1.0659,0.0012,0.115,-0.09,10.68,1,NH
0,0,0,6,3,2,-4.23,1.17,-0.71,77.4,32.66,1.5947,0.0063,0.139,-0.93,6.78,0.1,NH
3,3,0.333,4,4,3.5,-9.19,2.54,-2.3,65.6,20.86,0.6191,0.011,0.085,-0.84,9.14,0.1,NH
1,1,0,6,3,3,-0.09,0.02,-0.01,64.3,29.52,2.1324,0.0001,0.025,1.24,3.24,33,NH
3,2,0,10,2,3.5,-2.28,0.61,-0.23,23.8,18.99,0.6544,0.0046,0.108,-0.59,8.6,0.1,NH
1,1,0,11,6,5,-10.54,2.83,-0.96,36,25.41,0.8229,0.0083,0.098,-0.4,4.15,33,NH
7,6,0,5,3,3.5,-0.29,0.08,-0.06,512.5,39.37,2.9687,0.0003,0.098,-0.4,4.15,33,NH
0,0,0,7,5,3,-1.24,0.33,-0.18,79.7,28.1,1.376,0.0016,0.301,-0.01,5.14,42,NH
1,1,0,2,1,2.5,-0.04,0.01,-0.02,62.4,35.51,0.7979,0.0005,0.139,-0.93,6.78,0.1,NH
4,3,0.333,9,12,8,3.09,-1.07,0.34,10.9,31.83,0.1129,0.0068,0.06,-1.31,5.16,6,NH
2,1,0,11,5,4,-3.95,1.36,-0.36,30,56.65,0.4515,0.0035,0.098,-0.4,4.15,33,NH
4,4,0,13,11,7,-7.8,2.69,-0.6,35.7,30.39,0.471,0.006,0.048,1.09,3.81,0.1,NH
1,1,0,10,7,5.5,-5.73,1.98,-0.57,35.6,28.52,0.4982,0.0059,0.083,-0.7,5.56,0.1,NH
1,1,0,9,7,5,-1.67,0.58,-0.19,72.4,38.41,0.9485,0.0022,0.06,-1.31,5.16,6,NH
2,2,0,9,1,2.5,0.9,-0.31,0.1,55.4,30.01,0.7794,0.0002,0.115,-0.09,10.68,1,NH
1,1,0,2,1,3,-0.01,0,-0.01,39.2,17.61,1.3165,0,0.139,-0.93,6.78,0.1,NH
1,1,0,10,7,4.5,-3.15,1.09,-0.32,61.6,21.24,1.241,0.0071,0.108,-0.59,8.6,0.1,NH
0,0,0,10,5,3,-1.91,0.66,-0.19,85.5,27.36,0.8881,0.0022,0.083,-0.7,5.56,0.1,NH
3,2,0,1,2,4,0,0,0,6.1,17.94,0.1662,0,0.108,-0.59,8.6,0.1,NH
3,2,0,9,5,4.5,-4.41,1.52,-0.49,30.4,32.1,0.4115,0.0036,0.115,-0.09,10.68,1,NH
4,3,0,6,6,4,-2.57,0.89,-0.43,5.1,21.64,0.1743,0.015,0.139,-0.93,6.78,0.1,NH
4,2,0,9,9,6.5,-12.8,4.42,-1.42,9.1,23.38,0.1224,0.005,0.115,-0.09,10.68,1,NH
5,4,0,11,13,8,-15.01,5.18,-1.36,2.9,19.75,0.2409,0.0084,0.041,1.53,4.37,18,NH
4,2,0,10,6,5,-2.33,0.8,-0.23,51,34.23,1.426,0.0035,0.065,1.53,2.4,66,NH
6,3,0,6,2,4,-0.09,0.03,-0.01,0,18.51,0.0018,0,0.025,1.24,3.24,33,NH
2,2,1,8,8,5.5,-2.02,0.7,-0.25,35.6,32.86,0.4527,0.0066,0.11,-0.71,2.85,70,NH
4,4,0,9,2,3,4.83,-1.67,0.54,6.6,30.09,0.169,0.0017,0.06,-1.31,5.16,6,NH
4,2,1,14,16,10,-8.77,3.37,-0.63,13.8,43.79,0.2285,0.008,0.025,1.24,3.24,33,NH
0,0,0,15,8,7,-0.44,0.17,-0.03,55.6,48.64,0.8764,0.0006,0.034,1.39,2.1,55,NH
2,2,0,9,10,6.5,-7.67,2.94,-0.85,26.3,45.48,0.3237,0.005,0.115,-0.09,10.68,1,NH
1,1,0,9,2,2.5,-1.58,0.61,-0.18,76.4,38.83,0.925,0.0001,0.025,1.24,3.24,33,NH
1,1,0,3,2,2.5,-0.01,0,0,108.7,32.27,1.2494,0,0.083,-0.7,5.56,0.1,NH
2,2,0,9,1,3,-0.65,0.25,-0.07,44.5,45.41,0.5665,0.0017,0.06,-1.31,5.16,6,NH
3,3,0.333,7,1,2.5,-0.07,0.03,-0.01,31.6,42.64,0.7579,0,0.11,-0.71,2.85,70,NH
2,1,0,11,9,7,-7.53,2.89,-0.68,48.9,42.6,1.0385,0.0037,0.106,-0.09,5.97,0.1,NH
2,1,0,9,4,4.5,-2.02,0.78,-0.22,17.5,26.62,0.317,0.0007,0.108,-0.59,8.6,0.1,NH
1,1,0,14,9,5.5,-6.81,2.61,-0.49,49.6,24.35,1.2886,0.0077,0.025,1.24,3.24,33,NH
0,0,0,10,1,1.5,-0.46,0.18,-0.05,95.5,57.93,1.2893,0.0015,0.083,-0.7,5.56,0.1,NH
1,1,0,6,2,1,-3.39,1.3,-0.57,86.8,58.3,2.7559,0.003,0.139,-0.93,6.78,0.1,NH
2,2,1,10,5,3.5,-2.28,0.88,-0.23,40.6,34.56,0.7681,0.0057,0.108,-0.59,8.6,0.1,NH
4,2,0,13,12,7.5,-8.6,3.3,-0.66,0,34.73,0.1119,0.021,0.048,1.09,3.81,0.1,NH
3,2,0,9,5,3.5,-4.94,1.9,-0.55,33,53.48,0.4287,0.0032,0.06,-1.31,5.16,6,NH
2,2,0,16,8,6.5,-3.19,1.3,-0.2,12.9,28.99,2.5704,0.072,0.034,1.39,2.1,55,NH
3,2,0,11,8,6,5.18,-1.64,0.47,33.2,61.34,0,0.0071,0.098,-0.4,4.15,33,NH
1,1,0,9,10,8.5,-0.71,0.19,-0.08,20.1,25.04,0.2597,0.0078,0.108,-0.59,8.6,0.1,NH
0,0,0,8,5,3.5,-8.65,2.26,-1.08,62.5,34.46,0.7962,0.0042,0.11,-0.71,2.85,70,NH
1,1,0,9,7,4.5,-11.72,3.07,-1.3,64.1,66.59,0.8256,0.0037,0.06,-1.31,5.16,6,NH
2,1,0,5,3,3,-0.26,0.07,-0.05,25.3,42.99,0.0608,0.0193,0.139,-0.93,6.78,0.1,NH
4,4,0.167,9,10,6,-6.13,1.66,-0.68,35.8,35.27,1.3806,-0.008,0.098,-0.4,4.15,33,NH
4,3,0.333,10,5,4.5,-9.37,2.54,-0.94,20.3,24.81,0.0503,0.0105,0.047,0.43,4.48,0.1,NH
3,3,0,1,2,4,-0.01,0,-0.01,18.6,28.29,0.3971,-0.0067,0.083,-0.7,5.56,0.1,NH
1,1,0,7,5,3.5,-1.65,0.45,-0.24,85,24.4,1.6872,0.0032,0.083,-0.7,5.56,0.1,NH
3,3,0.667,11,10,7,-7.35,1.99,-0.67,52.9,20.06,0.3993,0.0051,0.098,-0.4,4.15,33,NH
3,2,0,9,12,9.5,-11.54,3.13,-1.28,11.7,15.97,0.3761,0.0074,0.115,-0.09,10.68,1,NH
5,4,0,11,21,12,-12.78,3.47,-1.16,12.6,10.72,0.9813,0.0007,0.098,-0.4,4.15,33,NH
1,1,0,6,16,8.5,-8.76,2.38,-1.46,4.8,5.85,1.5742,0.0015,0.139,-0.93,6.78,0.1,NH
3,2,0,10,15,9,-3.87,1.05,-0.39,28.8,14.96,1.0666,0.0015,0.108,-0.59,8.6,0.1,NH
4,1,0,6,2,3,-0.08,0.02,-0.01,52.5,15.96,1.3075,-0.0006,0.106,-0.09,5.97,0.1,NH
2,1,0,6,7,4.5,-6.34,1.72,-1.06,26.6,13.94,2.7072,-0.01,0.139,-0.93,6.78,0.1,NH
1,1,0,7,7,5.5,-2.74,0.74,-0.39,42.6,20.49,1.8082,-0.0061,0.11,-0.71,2.85,70,NH
1,0,0,9,2,2,-0.02,0.01,0,68.5,43.27,1.6711,-0.0012,0.06,-1.31,5.16,6,NH
0,0,0,7,1,2,0,0,0,108.7,48.29,1.43,0.0052,0.11,-0.71,2.85,70,NH
2,2,1,4,3,4,-0.03,0.01,-0.01,57.2,33.72,0.5267,0.0064,0.115,-0.09,10.68,1,NH
4,3,0.333,11,9,5.5,-3.16,1.34,-0.29,37.2,44.45,1.4585,0.0077,0.065,1.53,2.4,66,NH
3,2,1,9,7,5.5,-0.74,0.31,-0.08,38.7,30.21,0.5673,0.0014,0.06,-1.31,5.16,6,NH
2,2,0,8,6,4,-4.68,1.98,-0.58,26.1,10,0.4845,0.0058,0.115,-0.09,10.68,1,NH
2,1,0,6,8,6,-2.26,0.96,-0.38,22.3,10,0.611,0.0139,0.139,-0.93,6.78,0.1,NH
3,3,0,9,10,8.5,-7.17,3.03,-0.8,2.3,20,0.0697,0.01,0.115,-0.09,10.68,1,NH
3,3,0,1,4,4,-0.06,0.05,-0.06,45.4,20,0.6418,0,0.085,-0.84,9.14,0.1,NH
1,1,0,6,4,3.5,-3.31,0.84,-0.55,40.1,57.5,1.4521,-0.0123,0.139,-0.93,6.78,0.1,NH
1,0,0,9,6,4,-4.27,1.08,-0.47,76.1,79.59,1.1414,0.0035,0.06,-1.31,5.16,6,NH
4,4,0.333,11,7,6.5,-11.55,2.93,-1.05,9.4,43.2,0.3091,0.0072,0.106,-0.09,5.97,0.1,NH
2,2,1,9,8,5.5,-11,2.79,-1.22,42.3,63.64,0,0.01,0.115,-0.09,10.68,1,NH
0,0,0,10,8,5.5,-11.81,3,-1.18,54,40.82,1.0494,0.0039,0.108,-0.59,8.6,0.1,NH
6,6,0.067,12,18,11,-28.15,8.17,-2.35,3.9,17.87,0.1593,0.0207,0.065,1.53,2.4,66,NH
5,5,0.2,12,7,6,-8.64,2.51,-0.72,11.4,17.38,0.5097,0.0077,0.065,1.53,2.4,66,NH
4,4,0,12,9,7.5,-7.73,3.11,-0.64,15.6,14.95,0.6719,0.0115,0.065,1.53,2.4,66,NH
2,2,0,10,4,4.5,-1.93,0.78,-0.19,38,21.16,0.8634,0.0053,0.108,-0.59,8.6,0.1,NH
1,1,0,6,5,3,-11.15,4.49,-1.86,41.3,14.18,0.5763,0.0093,0.139,-0.93,6.78,0.1,NH
3,1,0,11,6,3.5,-1.43,0.58,-0.13,23.1,55.16,2.4613,0.0103,0.025,1.24,3.24,33,NH
3,3,0,7,4,4.5,-3.29,1.33,-0.47,13.7,21.33,0.5251,0.0079,0.11,-0.71,2.85,70,NH
3,3,0,10,8,7,-7.01,2.82,-0.7,25.3,18.66,0.4391,0.0106,0.083,-0.7,5.56,0.1,NH
2,2,0,5,5,4.5,-0.86,0.36,-0.17,70.1,24.1,1.5094,0.0012,0.108,-0.59,8.6,0.1,NH
1,1,0,1,3,3,-0.05,0.02,-0.05,111.1,16.71,1.8046,0,0.083,-0.7,5.56,0.1,NH
1,1,0,4,2,2,4.16,-1.74,1.04,65.5,18.37,0.9984,0,0.11,-0.71,2.85,70,NH
7,5,0.333,12,4,3.5,-2.39,1,-0.2,5.5,17.87,0.3967,0.018,0.065,1.53,2.4,66,NH
3,2,1,6,7,5,-4.71,1.67,-0.79,7.2,18.95,0.1131,0.0148,0.139,-0.93,6.78,0.1,NH
3,2,0,6,7,5.5,-8.46,3,-1.41,0.4,14.94,0.0087,0.0299,0.139,-0.93,6.78,0.1,NH
8,6,0.067,9,5,6.5,-4.89,1.74,-0.54,4.5,16.34,0.2891,0.0184,0.013,2.25,1.97,77,NH
5,5,0.1,11,9,7,-3.54,1.26,-0.32,34.6,20.46,0.5145,0.0039,0.106,-0.09,5.97,0.1,NH
3,3,0,14,5,5,-3.18,1.13,-0.23,4.5,12.96,0.3778,0.0255,0.034,1.39,2.1,55,NH
3,2,1,10,8,6,-4.41,1.81,-0.44,16.2,13.88,0.622,0.0095,0.047,0.43,4.48,0.1,NH
4,2,0,10,4,4,-1.56,0.64,-0.16,42,13.68,0.878,0.0055,0.108,-0.59,8.6,0.1,NH
4,3,0.667,10,6,6,-9.8,4.03,-0.98,26.8,13.97,0.4056,0.0089,0.083,-0.7,5.56,0.1,NH
8,7,0.133,9,9,7,-2.21,0.64,-0.25,0.7,12.89,0.0196,0.0108,0.065,1.53,2.4,66,NH
4,3,0.333,11,8,8.5,-23.22,6.68,-2.11,7.1,16.93,0.1477,0.007,0.106,-0.09,5.97,0.1,NH
3,2,0,9,8,6.5,-14.87,4.28,-1.65,4.3,20.34,0.1038,0.0124,0.115,-0.09,10.68,1,NH
3,3,0.667,9,7,7.5,-5.94,1.71,-0.66,4,16.3,0.0493,0.0104,0.06,-1.31,5.16,6,NH
4,4,0,1,2,4,-0.02,0.01,-0.02,0,4.83,0,0,0.048,1.09,3.81,0.1,NH
0,0,0,4,2,2,-0.13,0.04,-0.03,76.8,37.21,1.5068,0.0011,0.06,-1.31,5.16,6,NH
1,1,0,1,1,2,0,0,0,79.7,33.23,1.1943,0,0.085,-0.84,9.14,0.1,NH
2,2,0,2,2,3,-0.02,0.01,-0.01,13.2,37,0.9298,0,0.139,-0.93,6.78,0.1,NH
4,3,0.333,10,7,7,2.61,-0.75,0.26,23,18.46,0.5721,0.0097,0.047,0.43,4.48,0.1,NH
4,4,0.167,10,8,8.5,-5.22,1.5,-0.52,1.6,12.48,0.0335,0.014,0.047,0.43,4.48,0.1,NH
4,3,0,11,3,4.5,-3.92,1.13,-0.36,35.7,16.39,0.5771,0.0023,0.098,-0.4,4.15,33,NH
3,1,0,9,8,7.5,-8.03,2.31,-0.89,19.2,20.61,0.6728,0.014,0.041,1.53,4.37,18,NH
1,1,0,4,2,4,-0.09,0.03,-0.02,36.7,18.56,0.5935,0,0.11,-0.71,2.85,70,NH
2,1,0,5,2,4,-0.11,0.03,-0.02,63.6,30.49,1.0765,0.0009,0.098,-0.4,4.15,33,NH
2,1,0,12,13,9.5,-13.21,3.8,-1.1,24.2,28.79,0.4997,0.0079,0.065,1.53,2.4,66,NH
4,3,0,11,13,8,-7.56,2.17,-0.69,24.5,37.07,0.3554,0.0085,0.098,-0.4,4.15,33,NH
1,1,0,5,4,3.5,-1.98,0.57,-0.4,56,47.34,1.1724,0.0031,0.301,-0.01,5.14,42,NH
0,0,0,5,3,4.5,-0.58,0.17,-0.12,11.2,38.52,0.4534,0.0106,0.139,-0.93,6.78,0.1,NH
2,2,0,7,4,3.5,-0.14,0.04,-0.02,32.6,35.06,0.8769,0.0011,0.06,-1.31,5.16,6,NH
3,2,0,6,12,6.5,-15.17,4.36,-2.53,11.7,20.1,0.3488,0.0241,0.139,-0.93,6.78,0.1,NH
3,1,0,10,13,8.5,-6,1.73,-0.6,35.7,17.54,0.5035,0.0103,0.083,-0.7,5.56,0.1,NH
2,1,0,7,6,4.5,1.77,-0.51,0.25,83,34.91,1.4359,0.0001,0.06,-1.31,5.16,6,NH
4,4,0,2,1,2,0,0,0,40.8,18.87,2.6426,0,0.041,1.53,4.37,18,NH
3,2,0,6,6,3.5,-3.82,1.1,-0.64,0.4,7.39,0.072,0.0277,0.139,-0.93,6.78,0.1,NH
3,3,0,5,3,4,-1.58,0.45,-0.32,0,14.34,0.0017,0.0557,0.053,0.76,-0.78,26,NH
2,1,0,9,3,3,-2.39,0.69,-0.27,38.8,37.59,0.8659,0.0044,0.06,-1.31,5.16,6,NH
3,3,0.333,9,5,4,-4.82,1.39,-0.54,33.4,29.74,0.6752,0.0037,0.115,-0.09,10.68,1,NH
3,2,0,6,7,5,-10.72,3.08,-1.79,0.1,24.61,0.1867,0.0534,0.053,0.76,-0.78,26,NH
2,2,0,5,5,6,-1.09,0.31,-0.22,0,9.33,0.0024,0.0303,0.139,-0.93,6.78,0.1,NH
3,2,0,2,1,4,0,0,0,0.8,6.83,0.0896,0,0.048,1.09,3.81,0.1,NH
1,1,0,11,10,6,-7.91,2.27,-0.72,65,23.15,1.3335,0.0063,0.098,-0.4,4.15,33,NH
1,1,0,9,12,7.5,-3.32,0.95,-0.37,55.4,23.64,1.1315,0.0049,0.115,-0.09,10.68,1,NH
3,3,0,7,1,4,-0.04,0.01,-0.01,16.1,13.33,0.3715,0,0.06,-1.31,5.16,6,NH
4,4,0,11,9,7,2.33,-0.67,0.21,19.3,24.1,0.6267,0.0056,0.106,-0.09,5.97,0.1,NH
4,4,0.333,10,14,7.5,-14.78,4.25,-1.48,11.1,26.66,0.2541,0.0104,0.083,-0.7,5.56,0.1,NH
3,2,0,6,3,2,-0.48,0.14,-0.08,73.9,49.41,1.3781,0.0009,0.083,-0.7,5.56,0.1,NH
2,1,0,10,4,3.5,-0.27,0.08,-0.03,41.5,42.28,0.8167,0.0048,0.108,-0.59,8.6,0.1,NH
3,1,0,6,1,2.5,-0.25,0.07,-0.04,28.2,24.56,1.2137,0,0.013,2.25,1.97,77,NH
0,0,0,5,3,3.5,-0.21,0.06,-0.04,72.9,28.26,2.1655,0.0024,0.139,-0.93,6.78,0.1,NH
1,0,0,6,2,2,-0.07,0.02,-0.01,83.2,26.82,2.8376,0,0.139,-0.93,6.78,0.1,NH
5,5,0.7,10,12,8.5,-16.39,5.16,-1.64,0,12.68,0,0.017,0.083,-0.7,5.56,0.1,NH
2,1,0,3,4,5,-0.06,0.02,-0.02,17.6,6.65,1.6586,0,0.082,1.27,2.18,54,NH
3,2,0,14,13,9,-11.03,3.47,-0.79,21,10.35,1.0714,0.0292,0.025,1.24,3.24,33,NH
5,5,0.1,11,13,10,-16.41,5.17,-1.49,3.3,16.65,0.1185,0.0089,0.106,-0.09,5.97,0.1,NH
4,3,0.333,11,6,6,-2.04,0.64,-0.19,6.2,13.02,0.1783,0.0073,0.106,-0.09,5.97,0.1,NH
2,2,0,7,11,6,-9.52,3,-1.36,25.8,25.14,0.4653,0.0104,0.301,-0.01,5.14,42,NH
1,1,0,9,4,2.5,-0.64,0.2,-0.07,81.8,29,2.4172,0.0008,0.108,-0.59,8.6,0.1,NH
1,1,0,1,1,3,0,0,0,58.8,19.25,1.3077,0,0.139,-0.93,6.78,0.1,NH
8,6,0.4,11,15,10,-23.03,7.25,-2.09,14.4,27.03,0.3018,0.0077,0.106,-0.09,5.97,0.1,NH
6,5,0,14,6,6,-2.88,0.91,-0.21,0,9.17,0.0004,0.0389,0.025,1.24,3.24,33,NH
4,3,0.333,6,5,3,-1.32,0.42,-0.22,7,12.37,0.147,0.0226,0.139,-0.93,6.78,0.1,NH
2,2,0,4,2,3.5,-0.92,0.29,-0.23,9,8.69,0.5078,0.0149,0.053,0.76,-0.78,26,NH
2,1,0,6,2,2.5,-3.65,1.15,-0.61,20.1,11.03,2.683,0.0231,0.053,0.76,-0.78,26,NH
1,1,0,6,7,5.5,-1.59,0.5,-0.26,4.8,8.02,0.1782,0.0233,0.139,-0.93,6.78,0.1,NH
2,2,0,3,2,5,-0.02,0.01,-0.01,0.1,16.19,0.0025,0,0.048,1.09,3.81,0.1,NH
4,4,0.333,11,7,6,-1.09,0.34,-0.1,25.1,40.72,0.548,0.0031,0.098,-0.4,4.15,33,NH
1,1,0,9,8,6.5,-0.53,0.17,-0.06,68.1,34.78,1.501,0.0025,0.115,-0.09,10.68,1,NH
3,3,0.667,7,4,5.5,-1.69,0.53,-0.24,1.6,21.47,0.076,0.0103,0.098,-0.4,4.15,33,NH
1,0,0,5,3,4,-0.39,0.12,-0.08,6.8,23.55,0.2842,0,0.106,-0.09,5.97,0.1,NH
0,0,0,10,4,2.5,-1.95,0.61,-0.2,101.1,35.27,1.3995,0.0024,0.083,-0.7,5.56,0.1,NH
0,0,0,4,1,1,-0.18,0.06,-0.04,65.8,48.78,1.5361,0.0001,0.083,-0.7,5.56,0.1,NH
2,2,0,2,1,0.5,-0.01,0,-0.01,54.2,41.4,2.0123,0,0.098,-0.4,4.15,33,NH
0,0,0,2,3,3.5,-0.02,0.01,-0.01,71.4,17.48,2.0185,0,0.139,-0.93,6.78,0.1,NH
3,3,0,11,8,7,-4.91,1.03,-0.45,13.7,24.6,1.0071,0.0219,0.041,1.53,4.37,18,NH
7,3,0,8,10,8,-7.07,1.49,-0.88,0,7.16,0.005,0.0416,0.041,1.53,4.37,18,NH
3,3,0.667,9,15,9.5,-18.88,3.97,-2.1,40.3,52.3,0.4552,0.0037,0.115,-0.09,10.68,1,NH
3,3,0,9,20,12.5,-20.93,4.41,-2.33,18.9,29.69,0.2316,0.0049,0.115,-0.09,10.68,1,NH
7,5,0,11,25,15.5,-27.77,5.85,-2.52,14.5,21.75,0.1946,0.0041,0.106,-0.09,5.97,0.1,NH
1,1,0,4,12,8,-0.35,0.07,-0.09,74.3,20.45,1.0228,0.0044,0.085,-0.84,9.14,0.1,NH
3,3,0,4,11,6.5,-14.68,4.61,-3.67,0,53.62,0,0.0407,0.085,-0.84,9.14,0.1,NH
3,3,0,15,5,6.5,-3.74,1.18,-0.25,7.5,28.56,0.6213,0.0426,0.034,1.39,2.1,55,NH
3,2,0,13,5,5.5,-6.43,2.02,-0.49,0,25.23,0.0057,0.0245,0.048,1.09,3.81,0.1,NH
5,4,0.167,8,5,4,1.3,-0.41,0.16,0.6,33.63,0.1656,0.0042,0.06,-1.31,5.16,6,NH
4,4,0.333,14,8,5.5,-13.48,4.24,-0.96,0,34.4,0.004,0.04,0.025,1.24,3.24,33,NH
2,2,0,6,8,5,-6.94,2.18,-1.16,34.3,45.79,1.9297,0.015,0.139,-0.93,6.78,0.1,NH
1,1,0,9,6,4,-0.14,0.04,-0.02,73.4,67.02,1.2605,0.0012,0.06,-1.31,5.16,6,NH
6,6,0.2,9,5,4.5,2.05,-0.64,0.23,0.1,31.05,0.2211,0.0063,0.06,-1.31,5.16,6,NH
3,3,0.667,6,4,3,-4.61,1.45,-0.77,24.4,32.24,1.3016,0.0194,0.139,-0.93,6.78,0.1,NH
4,3,0,12,5,5,-9.03,2.84,-0.75,0.3,39.34,0.3144,0.0295,0.025,1.24,3.24,33,NH
3,2,0,12,6,5.5,-5.71,1.79,-0.48,6.8,29.91,0.3661,0.0333,0.025,1.24,3.24,33,NH
1,1,0,4,7,4.5,-3.98,1.25,-0.99,42.9,43.55,0.6126,0.0058,0.076,-0.08,4.55,8,NH
2,2,0,8,7,5.5,-0.72,0.23,-0.09,20.1,39.65,0.3143,0.0039,0.11,-0.71,2.85,70,NH
2,2,0,11,14,7.5,-25.89,8.13,-2.35,36.7,39.45,0.4605,0.0037,0.106,-0.09,5.97,0.1,NH
2,2,0,13,11,7,-5.12,1.61,-0.39,0.5,42.57,0.1467,0.0117,0.048,1.09,3.81,0.1,NH
3,3,0.333,8,9,5.5,-6.74,2.12,-0.84,13.1,42.67,0.1817,0.0108,0.11,-0.71,2.85,70,NH
2,2,1,9,9,6,-0.86,0.27,-0.1,64.3,39.06,0.9303,0.0006,0.098,-0.4,4.15,33,NH
1,1,0,13,7,4.5,-1.81,0.57,-0.14,28.7,54.4,1.0023,0.0036,0.048,1.09,3.81,0.1,NH
3,3,0.333,10,7,7.5,-3.07,0.76,-0.31,5.3,12.09,0.2238,0.0118,0.041,1.53,4.37,18,NH
2,1,0,9,11,8,-1.61,0.4,-0.18,74.2,21.4,0.8487,0.0005,0.115,-0.09,10.68,1,NH
4,4,0.167,7,10,6,-7.14,1.78,-1.02,23.4,14.55,0.5494,0.0127,0.301,-0.01,5.14,42,NH
5,3,0,11,20,11.5,-29.83,7.42,-2.71,4.7,12.6,0.1462,0.0122,0.098,-0.4,4.15,33,NH
2,2,1,9,7,5.5,-0.5,0.12,-0.06,47.7,17.79,0.9177,0.0009,0.06,-1.31,5.16,6,NH
2,2,0,13,8,6.5,-1.27,0.32,-0.1,11.2,16.34,0.9718,0.0396,0.025,1.24,3.24,33,NH
1,1,0,10,9,5,-4.78,1.19,-0.48,52.2,13.65,1.7228,0.0111,0.108,-0.59,8.6,0.1,NH
4,2,0,11,6,4.5,-14.75,3.67,-1.34,49,20.75,0.9151,0.0021,0.106,-0.09,5.97,0.1,NH
2,1,0,9,8,5.5,-6.92,1.72,-0.77,17,21.16,0.4276,0.0062,0.115,-0.09,10.68,1,NH
4,4,0.167,16,12,7.5,-16.68,4.15,-1.04,0.1,14.77,0.188,0.026,0.034,1.39,2.1,55,NH
2,2,0,6,11,8,-4.33,1.08,-0.72,34.9,32.1,2.559,0.0182,0.082,1.27,2.18,54,NH
1,1,0,9,8,5,-5.82,1.45,-0.65,51.5,25.72,1.0516,0.0043,0.115,-0.09,10.68,1,NH
3,3,0,5,3,4.5,-1.76,0.97,-0.35,7.4,23.67,0.1182,0.0066,0.115,-0.09,10.68,1,NH
3,2,0,10,5,4.5,-11.29,2.61,-1.13,21.4,5,0.8304,0.0149,0.108,-0.59,8.6,0.1,NH
3,3,0,4,6,5.5,-9.72,2.24,-2.43,7.2,6.46,0.1622,0.0404,0.085,-0.84,9.14,0.1,NH
0,0,0,7,9,5,-11.9,2.75,-1.7,78.8,9.41,0.859,0.0026,0.301,-0.01,5.14,42,NH
1,0,0,14,10,5.5,-16.86,3.89,-1.2,81.5,5.63,0.6228,0.0023,0.025,1.24,3.24,33,NH
2,2,0,10,6,4.5,-6.89,1.59,-0.69,61,7.3,0.5753,0.0023,0.108,-0.59,8.6,0.1,NH
1,1,0,13,6,4.5,-5.32,2.36,-0.41,37.6,40.28,0.7003,0.0055,0.048,1.09,3.81,0.1,NH
7,4,0.167,11,17,9,-15.75,3.88,-1.43,3.6,23.77,0.2438,0.0165,0.041,1.53,4.37,18,NH
5,5,0.333,7,19,10.5,-12.01,2.96,-1.72,0,25.93,0.0003,0.0139,0.301,-0.01,5.14,42,NH
5,5,0.2,7,8,7,-4.22,1.01,-0.6,7.6,13.25,0.1463,0.0099,0.098,-0.4,4.15,33,NH
2,2,1,8,3,2.5,-2.56,0.61,-0.32,63.9,35.41,0.9702,0.0013,0.115,-0.09,10.68,1,NH
1,1,0,6,5,3,-6,1.44,-1,67.8,26.74,2.5058,0.0161,0.139,-0.93,6.78,0.1,NH
1,0,0,8,8,5,-17.05,4.1,-2.13,56,16.17,0.9042,0.0062,0.11,-0.71,2.85,70,NH
6,6,0.333,12,8,6.5,-16.08,3.86,-1.34,1.4,22.25,0.0773,0.0183,0.065,1.53,2.4,66,NH
2,2,0,9,3,3.5,1.08,-0.36,0.12,52.1,22.5,0.7262,0.0003,0.115,-0.09,10.68,1,NH
4,4,0.333,10,8,7,-4.91,1.65,-0.49,22.7,22.92,0.6099,0.0136,0.108,-0.59,8.6,0.1,NH
5,3,0,10,5,6,-2.26,0.76,-0.23,0,27.05,0.0003,0.0133,0.083,-0.7,5.56,0.1,NH
3,2,0,16,8,7.5,-5.04,1.69,-0.32,6.5,20.09,0.4938,0.0509,0.034,1.39,2.1,55,NH
2,2,0,9,1,3.5,-1.2,0.4,-0.13,34.1,24.94,0.6357,0.0033,0.06,-1.31,5.16,6,NH
2,2,0,6,6,4,-1.47,0.49,-0.24,10.5,15.53,0.492,0.0212,0.139,-0.93,6.78,0.1,NH
3,3,0,9,8,6,-11.93,4.01,-1.33,11.9,19.15,0.165,0.0046,0.115,-0.09,10.68,1,NH
4,3,0,11,11,7,-11.82,3.97,-1.07,7.4,24.59,1.0466,0.0227,0.041,1.53,4.37,18,NH
3,2,0,9,1,2.5,-0.16,0.05,-0.02,40.1,44.15,0.776,0.0011,0.06,-1.31,5.16,6,NH
4,3,0.333,14,10,7.5,-8.2,2.75,-0.59,4.2,23.36,0.1501,0.0277,0.025,1.24,3.24,33,NH
2,2,0,8,8,7,-9.45,3.17,-1.18,24.2,40.68,0.7899,0.0058,0.106,-0.09,5.97,0.1,NH
2,2,0,6,7,6,-5.59,1.88,-0.93,21.2,32.49,1.2754,0.0139,0.041,1.53,4.37,18,NH
3,3,0,10,11,7,-4.22,1.42,-0.42,17.8,33.07,0.4663,0.0151,0.108,-0.59,8.6,0.1,NH
3,2,0,13,4,4,-2.41,0.81,-0.19,9.4,45.39,0.9074,0.0158,0.048,1.09,3.81,0.1,NH
4,4,0.333,11,15,8.5,-32.18,10.93,-2.93,35.8,26.12,0.6255,0.0047,0.106,-0.09,5.97,0.1,NH
2,1,0,8,7,5.5,-6.26,2.13,-0.78,30.3,26.74,0.554,0.0062,0.06,-1.31,5.16,6,NH
5,4,0.333,10,14,9.5,-17.6,6.04,-1.76,0,23.28,0,0.0087,0.047,0.43,4.48,0.1,NH
2,1,0,10,3,6.5,-0.3,0.1,-0.03,78.7,32.16,1.1411,0.0016,0.047,0.43,4.48,0.1,NH
4,3,0.333,6,9,4.5,-14.07,3.54,-2.35,0,54.29,0.7095,0.0458,0.139,-0.93,6.78,0.1,NH
5,4,0.667,9,12,8,-8.06,2.77,-0.9,19.5,26.01,0.4653,0.0067,0.106,-0.09,5.97,0.1,NH
3,3,0,12,15,9.5,-13.49,4.63,-1.12,7,13.32,0.2727,0.0207,0.065,1.53,2.4,66,NH
1,1,0,7,4,3,-0.73,0.43,-0.1,91.4,17.38,1.225,0.0017,0.083,-0.7,5.56,0.1,NH
5,4,0.167,11,10,7,-16.09,9.48,-1.46,19,11.83,0.3328,0.0056,0.106,-0.09,5.97,0.1,NH
4,4,0.167,10,13,8,1.36,-0.8,0.14,14.7,13.36,0.389,0.0144,0.047,0.43,4.48,0.1,NH
1,0,0,9,7,4.5,-5,2.95,-0.56,66.4,22.68,1.2571,0.0021,0.115,-0.09,10.68,1,NH
5,3,0.333,5,4,5,-2.38,0.78,-0.48,5.7,32.39,0.1159,0.0065,0.115,-0.09,10.68,1,NH
4,3,0,11,7,6.5,-9.68,3.16,-0.88,4.8,16.37,0.0935,0.0083,0.106,-0.09,5.97,0.1,NH
5,3,0,7,2,5,-10.7,3.49,-1.53,1.8,19.46,0.0343,0.008,0.115,-0.09,10.68,1,NH
1,1,0,11,3,4.5,-3.92,1.28,-0.36,28,13.4,0.6691,0.0021,0.106,-0.09,5.97,0.1,NH
4,3,0,10,5,6,-9.59,3.13,-0.96,7.1,12.19,0.1705,0.0119,0.047,0.43,4.48,0.1,NH
2,2,0,6,13,7.5,-14.11,7.11,-2.35,19,17.29,0.768,0.0329,0.053,0.76,-0.78,26,NH
3,3,0.667,8,19,10,-19.7,5.05,-2.46,1.1,31.03,0.0554,0.0148,0.11,-0.71,2.85,70,NH
4,4,0.167,11,16,11,-14.85,3.81,-1.35,2.9,25.01,0.0779,0.0125,0.106,-0.09,5.97,0.1,NH
3,3,0,11,7,5,-9.47,2.43,-0.86,32.5,30.37,0.882,0.0049,0.106,-0.09,5.97,0.1,NH
6,3,0,11,12,6,-11.08,2.87,-1.01,20.6,19.35,0.3346,0.0055,0.041,1.53,4.37,18,NH
4,3,0,10,7,6,-2.24,0.84,-0.22,14,17.23,0.8135,0.0116,0.065,1.53,2.4,66,NH
