F1,F4,F7,F9,F10,F12,F13,F14,F15,F17,F20,F21,F29,F30,F345,F398,F446,F541,Result
5,0.3,3,9,7,6.5,-8.09,2.09,-0.9,5.7,16.6,0.54,0.3937,0.0097,0.91,1,1.24,0.944,Hotspot
4,1,2,10,10,8,-6.22,1.61,-0.62,6.1,13.75,0.44,0.9801,0.0139,1.18,0.1,0.7,1.11,Hotspot
5,0.2,5,11,13,9.5,-5.58,1.44,-0.51,12.9,21.79,0.7,0.6844,0.0074,1.19,0.1,1.73,1.154,Hotspot
7,0.19,6,10,13,8.5,-6.58,1.7,-0.66,0.3,21.59,0.7,0.3978,0.0128,1.19,0.1,1.73,1.154,Hotspot
7,0.19,7,14,22,12,-26.93,6.97,-1.92,1.7,18.37,0.59,2.2459,0.0142,1.33,77,0.68,0.841,Hotspot
2,0,0,13,8,7,-2.18,0.56,-0.17,23.2,23.21,0.75,0.6478,0.0095,0.81,55,1.09,0.817,Hotspot
7,0.2,3,14,16,9.5,-22.25,5.76,-1.59,0,19.2,0.62,1.3071,0.0145,1.33,77,0.68,0.841,Hotspot
7,0.2,6,12,17,11,-13,3.51,-1.08,2.4,26.32,0.62,0.6864,0.0071,1.09,66,0.91,0.866,Hotspot
4,0.333,3,8,15,9,-26.74,7.23,-3.34,6.2,34.03,0.81,1.5483,0.0136,1.18,70,0.9,0.925,Hotspot
5,0.333,3,11,12,8.5,-26.9,7.27,-2.45,19.9,45.31,1.08,0.7788,0.0056,1.19,0.1,1.73,1.154,Hotspot
8,0.286,7,12,10,7.5,-13.67,4.21,-1.14,2.2,18.47,0.58,1.4151,0.0218,1.09,66,0.91,0.866,Hotspot
7,0.2,4,10,16,10,-37.79,6.94,-3.78,0.7,13.57,0.64,1.0438,0.0096,1.06,0.1,0.46,0.992,Hotspot
5,0.167,3,9,9,6.5,-11.12,2.04,-1.24,8.8,18.64,0.88,0.6338,0.0091,0.91,1,1.24,0.944,Hotspot
3,0.333,3,7,3,3,-1.57,0.29,-0.22,25,14.13,0.67,0.0597,0.002,1.15,0.1,0.73,1.144,Hotspot
6,0.133,5,11,17,9.5,-50.74,9.31,-4.61,12.8,18.35,0.87,1.9505,0.0093,1.19,0.1,1.73,1.154,Hotspot
3,0.667,3,9,4,5.5,9.82,-1.8,1.09,4,13.52,0.64,0.1389,0.0101,1.36,6,1.73,1.115,Hotspot
8,0.19,6,10,8,7,-18.26,3.35,-1.83,0,12.53,0.59,0.0459,0.0117,1.19,0.1,1.73,1.154,Hotspot
4,0.333,4,12,11,6.5,-18.14,3.33,-1.51,35.2,16.11,0.76,1.1902,0.0073,1.09,66,0.91,0.866,Hotspot
5,0.3,5,8,17,10.5,-22.47,4.12,-2.81,2.7,13.22,0.62,1.3936,0.0116,1.18,70,0.9,0.925,Hotspot
4,0.333,4,8,15,10.5,-55.49,10.18,-6.94,2.7,12.69,0.6,1.0131,0.0116,1.18,70,0.9,0.925,Hotspot
6,0.333,4,14,12,9.5,-6.05,1.25,-0.43,0,17.78,0.64,0.5787,0.0191,1.26,33,1.47,0.994,Hotspot
1,0,0,13,11,8.5,-5.34,1.1,-0.41,22.8,22.83,0.82,2.9454,0.026,1.01,0.1,0.81,0.9,Hotspot
3,0,3,9,5,6.5,-12.05,2.48,-1.34,13.6,22.26,0.8,0.3038,0.0059,1.36,6,1.73,1.115,Hotspot
3,0,2,6,10,7.5,-4.4,0.91,-0.73,0,20.18,0.72,0.5975,0.0183,1.5,0.1,0.67,0.986,Hotspot
2,0,2,8,10,8,-12.72,2.62,-1.59,20.9,22.1,0.79,0.5254,0.0081,1.18,70,0.9,0.925,Hotspot
4,0.167,2,12,20,11.5,-15.52,3.2,-1.29,35.7,22.46,0.8,1.0236,0.0062,1.09,66,0.91,0.866,Hotspot
4,0,3,9,24,12.5,-46.38,12.02,-5.15,2.7,13.12,0.42,1.1337,0.0063,0.91,1,1.24,0.944,Hotspot
4,0.333,3,9,17,10.5,-17.29,5.97,-1.92,8.6,18,0.5,0.795,0.0073,0.91,1,1.24,0.944,Hotspot
4,0.333,4,8,11,7.5,-6.54,2.26,-0.82,5.1,21.05,0.58,0.56,0.0097,1.18,70,0.9,0.925,Hotspot
2,1,2,7,9,7.5,-0.17,0.06,-0.02,20.7,17.75,0.49,0,0,1.18,0.1,0.7,1.11,Hotspot
7,0.19,7,14,5,7,-9.31,3.79,-0.67,4.6,14.53,0.3,1.0405,0.0196,1.33,77,0.68,0.841,Hotspot
7,0.095,5,12,16,10.5,-17.03,6.94,-1.42,2.6,35.52,0.73,0.9145,0.0088,1.09,66,0.91,0.866,Hotspot
2,0,2,8,14,8.5,-11.2,4.56,-1.4,22.8,40.32,0.83,1.3751,0.0118,1.18,70,0.9,0.925,Hotspot
7,0.2,4,12,17,9,-17.83,7.27,-1.49,3,45.63,0.94,1.4531,0.0089,1.09,66,0.91,0.866,Hotspot
2,0,1,13,18,11,-25.67,4.21,-1.97,0,18.7,0.75,1,0.0089,1.01,0.1,0.81,0.9,Hotspot
4,0.333,3,14,19,11,-25.02,4.1,-1.79,20.4,17.16,0.69,0.7639,0.0044,1.33,77,0.68,0.841,Hotspot
3,0.333,3,8,10,5.5,-9.94,2.21,-1.24,31.7,27.95,0.71,0.8601,0.0087,1.18,70,0.9,0.925,Hotspot
3,0.667,1,7,9,5.5,-14.47,3.21,-2.07,43.2,23.32,0.59,1.1278,0.0065,1.09,66,0.91,0.866,Hotspot
4,0.667,3,8,6,5.5,-4.38,0.97,-0.55,16.4,26.54,0.68,0.3715,0.0067,1.09,66,0.91,0.866,Hotspot
7,0.286,5,14,7,6.5,-17.5,3.88,-1.25,11,18.35,0.47,0.9359,0.0106,1.33,77,0.68,0.841,Hotspot
5,0.5,4,8,6,4.5,-7.82,1.74,-0.98,21.9,31.62,0.8,0.8415,0.0077,1.18,70,0.9,0.925,Hotspot
6,0.267,5,9,1,4.5,-7.67,1.7,-0.85,9.5,23.46,0.6,0.3052,0.0125,1.36,6,1.73,1.115,Hotspot
3,0.333,2,16,11,6.5,-7.68,1.7,-0.48,31.5,23.37,0.59,2.2548,0.0192,0.81,55,1.09,0.817,Hotspot
7,0.143,7,12,22,11.5,-45.04,10,-3.75,5.5,15.95,0.41,2.7057,0.014,1.09,66,0.91,0.866,Hotspot
3,0,2,10,16,11,-10.93,3.47,-1.09,8.2,39.26,1.52,0.9897,0.0094,1.25,18,0.96,1.058,Hotspot
4,0.167,3,14,12,9,-5.43,1.72,-0.39,8.4,44.59,1.72,0.3625,0.0054,1.26,33,1.47,0.994,Hotspot
5,0.1,3,16,21,12.5,-8.55,2.71,-0.53,3,25.02,0.97,0.0343,0.0003,0.81,55,1.09,0.817,Hotspot
5,0.1,4,16,6,6,-4.36,1.28,-0.27,0,39.26,1.37,1.9891,0.0606,0.81,55,1.09,0.817,Hotspot
5,0,5,9,10,8,-28.55,7.47,-3.17,1.2,24.06,0.58,0.5945,0.0097,1.36,6,1.73,1.115,Hotspot
3,0,2,9,13,9,-9.44,2.47,-1.05,1.7,2,0.05,0.6465,0.0084,0.91,1,1.24,0.944,Hotspot
2,0,2,10,7,6,-14.94,3.91,-1.49,10.2,45.22,1.09,1.0067,0.009,1.15,0.1,0.73,1.144,Hotspot
8,0.143,6,14,10,6,-9.33,2.44,-0.67,0.8,2,0.05,0.8935,0.0147,1.33,77,0.68,0.841,Hotspot
2,1,2,10,13,7.5,-11.78,4.98,-1.18,12.2,52.79,1.58,1.3401,0.0151,1.15,0.1,0.73,1.144,Hotspot
5,0.2,4,7,5,4.5,-4.93,2.08,-0.7,4.2,10,0.3,0.2158,0.0106,1.52,33,0.97,1.2,Hotspot
5,0.1,1,10,10,7,-10.87,4.59,-1.09,11.5,18.45,0.55,0.6268,0.0121,1.15,0.1,0.73,1.144,Hotspot
6,0,4,12,10,7.5,-6.01,2.54,-0.5,4.3,10,0.3,1.0981,0.03,1.09,66,0.91,0.866,Hotspot
3,0.333,1,12,11,7.5,-7.54,3.19,-0.63,16.5,10,0.3,2.6306,0.0205,1.01,0.1,0.81,0.9,Hotspot
10,0.267,8,13,6,6,-7.12,1.44,-0.55,1.5,44.57,0.7,0.4138,0.0163,1.33,77,0.68,0.841,Hotspot
4,0.167,4,10,6,6.5,-4.5,0.91,-0.45,12.9,45.37,0.72,0.534,0.0085,1.33,77,0.68,0.841,Hotspot
6,0.333,5,9,17,10,-40.51,8.17,-4.5,14.1,49.12,0.77,1.0078,0.0078,0.91,1,1.24,0.944,Hotspot
4,0.167,3,9,11,8.5,-12.11,3.07,-1.35,0.1,40.13,0.62,0.3023,0.0082,0.91,1,1.24,0.944,Hotspot
4,0.667,3,11,11,8.5,-13.72,3.48,-1.25,16.9,40.73,0.63,0.3912,0.0032,1.09,66,0.91,0.866,Hotspot
2,0,1,10,9,5.5,-17.84,4.52,-1.78,22.2,46.36,0.72,0.4102,0.0036,1.15,0.1,0.73,1.144,Hotspot
3,0.333,2,10,3,5,-5.56,1.41,-0.56,18.4,77.34,1.2,0.8308,0.0099,1.33,77,0.68,0.841,Hotspot
7,0.19,5,14,17,10.5,-22.84,5.79,-1.63,1,41.8,0.65,0.3915,0.0033,1.33,77,0.68,0.841,Hotspot
5,0,5,11,23,12.5,-18.07,5.24,-1.64,9.1,24.85,1.06,4.0502,0.0253,1.25,18,0.96,1.058,Hotspot
4,0.5,4,9,3,3,-21.49,6.23,-2.39,0.1,19.16,0.81,0.6073,0.0214,0.91,1,1.24,0.944,Hotspot
5,0.3,3,8,9,6,-13.84,7.24,-1.73,6.1,3.99,0.82,0.846,0.0124,1.18,70,0.9,0.925,Hotspot
4,0.333,3,11,11,8,-20.54,8.28,-1.87,11.7,12.47,0.46,1.3103,0.0102,1.52,33,0.97,1.2,Hotspot
4,0.333,4,8,15,8.5,-15.71,6.59,-1.96,20.2,11.29,0.38,0.8987,0.0094,1.18,70,0.9,0.925,Hotspot
6,0.067,5,12,14,8,-12.8,5.37,-1.07,24.3,12.31,0.42,1.5035,0.0089,1.09,66,0.91,0.866,Hotspot
6,0.133,4,9,40,21,-59.13,15.71,-6.57,0,15.76,0.64,1.2318,0.0061,0.91,1,1.24,0.944,Hotspot
1,0,1,6,1,1,-0.1,0.04,-0.02,63.8,16.73,0.94,0.0062,0.0001,1.18,70,0.9,0.925,Hotspot
2,1,2,8,7,5.5,-2.99,1.06,-0.37,15,17.59,0.99,0.4618,0.0074,1.18,70,0.9,0.925,Hotspot
6,0.267,6,12,17,11.5,-18.87,6.7,-1.57,0,16.14,0.91,1.2351,0.0165,1.09,66,0.91,0.866,Hotspot
5,0.1,4,7,7,6,-5.4,1.92,-0.77,5.8,15.03,0.85,0.4393,0.012,1.09,66,0.91,0.866,Hotspot
4,0.333,3,12,13,8.5,-13.71,4.87,-1.14,20.5,16.57,0.94,1.5165,0.0115,1.09,66,0.91,0.866,Hotspot
5,0.167,2,9,9,7,-15.07,5.35,-1.67,9.9,12.32,0.7,0.9616,0.0101,0.91,1,1.24,0.944,Hotspot
3,0.667,3,10,13,9,-11.58,4.76,-1.16,12.8,14.28,0.87,0.6633,0.0112,1.15,0.1,0.73,1.144,Hotspot
6,0.333,6,9,10,9,-7.02,2.89,-0.78,0,14.29,0.87,0.402,0.0135,1.15,0.1,0.73,1.144,Hotspot
6,0.4,5,12,14,10,-10.53,4.33,-0.88,11.2,13.42,0.82,1.7404,0.023,1.09,66,0.91,0.866,Hotspot
5,0.167,3,7,6,5,-3.82,1.57,-0.55,24.4,12.37,0.76,1.2102,0.0133,1.09,66,0.91,0.866,Hotspot
7,0.2,4,12,11,7.5,-9.68,3.98,-0.81,2.3,11.46,0.7,1.3601,0.0201,1.09,66,0.91,0.866,Hotspot
7,0.333,7,9,12,8.5,-11.36,4.67,-1.26,0,12.89,0.79,0.6527,0.0122,0.91,1,1.24,0.944,Hotspot
4,0.333,3,9,6,6,-8.93,2.57,-0.99,7,15.3,0.69,0.442,0.0101,0.91,1,1.24,0.944,Hotspot
3,0.333,3,10,9,7.5,-6.96,2,-0.7,8.3,4.52,0.2,1.3894,0.0189,1.18,0.1,0.7,1.11,Hotspot
4,0.333,4,11,11,8.5,-8.15,2.34,-0.74,14.9,16.11,0.72,0.7524,0.0073,1.19,0.1,1.73,1.154,Hotspot
6,0.2,6,14,22,12,-28.23,8.12,-2.02,0.5,9.33,0.42,2.1238,0.0133,1.33,77,0.68,0.841,Hotspot
2,1,1,14,10,7,-1.88,0.54,-0.13,19.6,19.41,0.87,0.4258,0.01,0.81,55,1.09,0.817,Hotspot
0,0,0,16,7,6.5,-6.3,1.81,-0.39,41.5,16.45,0.74,0.6824,0.008,0.81,55,1.09,0.817,Hotspot
7,0.19,6,14,16,9.5,-19.6,5.64,-1.4,0,9.43,0.42,1.1717,0.0138,1.33,77,0.68,0.841,Hotspot
5,0.2,4,9,13,8.5,-3.6,1.04,-0.4,1.2,15.3,0.69,0.3484,0.0121,1.19,0.1,1.73,1.154,Hotspot
6,0.3,4,14,25,13,-29.03,9.14,-2.07,0,8.7,0.38,2.7945,0.0142,1.33,77,0.68,0.841,Hotspot
4,0.667,2,16,9,5.5,-1.72,0.54,-0.11,26.6,8.87,0.39,0.4238,0.0065,0.81,55,1.09,0.817,Hotspot
1,0,1,16,4,3.5,-4.06,1.28,-0.25,72.2,39.62,1.75,0.7004,0.0046,0.81,55,1.09,0.817,Hotspot
7,0.238,7,14,14,8.5,-19.75,6.22,-1.41,1.5,26.57,1.17,0.9336,0.0134,1.33,77,0.68,0.841,Hotspot
8,0.381,7,11,8,6,-9.48,2.98,-0.86,0,19.53,0.86,0.352,0.0157,1.19,0.1,1.73,1.154,Hotspot
7,0.067,5,6,10,8,-1.73,0.45,-0.29,2,16.9,0.54,0.4179,0.0153,1.09,66,0.91,0.866,NH
4,0,3,11,9,9,-22.01,5.69,-2,12.7,23.3,0.75,0.3498,0.0057,1.19,0.1,1.73,1.154,NH
3,0,3,9,9,7.5,-13.84,3.58,-1.54,4.3,25.77,0.83,0.6669,0.0117,0.91,1,1.24,0.944,NH
3,0.667,3,9,8,8,-5.91,1.53,-0.66,12.5,15.88,0.51,0.2589,0.0073,1.36,6,1.73,1.115,NH
3,0.333,3,10,8,7.5,-0.42,0.11,-0.04,15.4,23.84,0.77,1.0805,0.0108,1.06,0.1,0.46,0.992,NH
6,0.2,4,10,8,8.5,-6.56,1.7,-0.66,1.8,20.32,0.66,0.466,0.0138,1.06,0.1,0.46,0.992,NH
3,0,3,11,3,4.5,-3.25,0.84,-0.3,35.3,31.14,1,0.1649,0.0022,1.52,33,0.97,1.2,NH
3,0,2,11,8,7.5,-5.18,1.34,-0.47,18.1,23.42,0.75,0.7772,0.0099,1.25,18,0.96,1.058,NH
2,0,2,12,14,10,-12.37,3.2,-1.03,19.5,25.27,0.81,1.3174,0.0124,1.09,66,0.91,0.866,NH
4,0.333,3,11,13,8.5,-12.19,3.15,-1.11,37.6,38.88,1.25,1.0617,0.0059,1.52,33,0.97,1.2,NH
1,0,1,6,5,6,-0.91,0.24,-0.15,0.5,44.2,1.42,0.2969,0.0251,1.5,0.1,0.67,0.986,NH
4,0.167,4,9,6,4.5,-21.94,5.68,-2.44,12.2,32.68,1.05,0.2513,0.0039,1.36,6,1.73,1.115,NH
3,0.333,2,6,12,6,-15.55,4.02,-2.59,21.5,28.92,0.93,2.0797,0.0215,1.5,0.1,0.67,0.986,NH
2,0,2,10,13,8.5,-5.9,1.53,-0.59,32.5,27.34,0.88,0.7753,0.0114,1.15,0.1,0.73,1.144,NH
1,0,1,9,5,4.5,1.56,-0.4,0.17,73.2,44.52,1.44,0.2715,0.0022,1.36,6,1.73,1.115,NH
0,0,0,4,3,2.5,-0.23,0.06,-0.06,38.4,76.1,2.45,0.031,0.0005,1.18,0.1,0.7,1.11,NH
0,0,0,9,6,3.5,-2.5,0.65,-0.28,115.7,78.13,2.52,0.3555,0.0016,1.52,33,0.97,1.2,NH
2,0,2,9,6,5,-3.07,0.79,-0.34,53,75.9,2.45,0.3969,0.0039,1.36,6,1.73,1.115,NH
4,0,3,7,1,2,-0.22,0.06,-0.03,34.9,20.42,0.66,0.1121,0.0012,1.33,77,0.68,0.841,NH
1,0,0,6,3,3.5,-0.7,0.18,-0.12,53.2,22.6,0.73,0.6008,0.0087,1.5,0.1,0.67,0.986,NH
4,0.5,2,6,5,2.5,-4.02,1.04,-0.67,1.4,21.28,0.69,0.5718,0.0223,1.5,0.1,0.67,0.986,NH
2,0,2,9,5,4,-4.69,1.21,-0.52,27.3,39.08,1.26,0.6038,0.0066,1.36,6,1.73,1.115,NH
3,0.667,3,9,5,4,-2.81,0.73,-0.31,29.9,33.55,1.08,0.217,0.0034,0.91,1,1.24,0.944,NH
2,0,2,6,5,6,-0.81,0.21,-0.14,2.2,24.66,0.79,0.2996,0.0216,1.5,0.1,0.67,0.986,NH
1,0,1,11,11,6.5,-3.5,0.91,-0.32,67.1,34.7,1.12,0.4092,0.0028,1.52,33,0.97,1.2,NH
3,1,3,9,12,7.5,-0.87,0.23,-0.1,51.5,29.95,0.97,0.8995,0.006,0.91,1,1.24,0.944,NH
2,0,2,12,8,5.5,-2.71,0.7,-0.23,22,15.26,0.49,1.7033,0.0193,1.01,0.1,0.81,0.9,NH
4,0,4,11,10,7.5,0.61,-0.16,0.06,18.5,41.17,1.33,0.5985,0.0061,1.19,0.1,1.73,1.154,NH
4,0.333,4,10,14,7.5,-17.17,4.44,-1.72,23.8,37.17,1.2,1.4055,0.0093,1.15,0.1,0.73,1.144,NH
2,1,0,6,7,5,-3.31,0.86,-0.55,7.6,40.87,1.32,0.6679,0.0193,1.5,0.1,0.67,0.986,NH
6,0.3,4,12,8,7.5,-4,1.08,-0.33,26.7,39.05,0.93,0.656,0.0075,1.33,77,0.68,0.841,NH
3,0,2,1,2,5,-0.02,0.01,-0.02,27,37.6,0.89,0,0,1.36,6,1.73,1.115,NH
4,0.5,4,6,4,5,-5.31,1.43,-0.88,0,25.46,0.6,0.212,0.0281,1.5,0.1,0.67,0.986,NH
3,0.333,3,9,10,9,-6.16,1.66,-0.68,16.3,33.7,0.8,0.7055,0.0102,0.91,1,1.24,0.944,NH
5,0.4,4,5,3,5.5,-3.41,0.92,-0.68,14.9,33.6,0.8,0.1836,0.0056,1.36,6,1.73,1.115,NH
1,0,1,2,3,3.5,-0.13,0.04,-0.07,64.3,64.18,1.52,0.0312,0.0002,1.19,0.1,1.73,1.154,NH
4,0.167,4,7,7,5,2.05,-0.55,0.29,15.6,58.74,1.39,0.5467,0.0078,1.36,6,1.73,1.115,NH
4,0.333,3,7,4,4,-1.52,0.41,-0.22,10,38.49,0.91,0.3445,0.0061,1.52,33,0.97,1.2,NH
5,0.3,4,9,5,5.5,-5,1.35,-0.56,5.8,29.39,0.7,0.0697,0.0053,1.06,0.1,0.46,0.992,NH
6,0.2,4,11,12,9,-49.33,13.33,-4.48,16.5,46.6,1.11,0.9899,0.006,1.19,0.1,1.73,1.154,NH
4,0.667,2,4,2,3.5,-0.05,0.01,-0.01,20.1,33.8,0.8,0,0,1.19,0.1,1.73,1.154,NH
1,0,0,10,3,3.5,-1.13,0.31,-0.11,90.4,91.98,2.18,0.1572,0.0016,1.15,0.1,0.73,1.144,NH
4,0.167,4,10,9,6.5,-14.49,3.92,-1.45,23.3,49.97,1.19,0.8923,0.0094,1.06,0.1,0.46,0.992,NH
5,0.4,4,12,13,8.5,-11.66,3.15,-0.97,40.3,35.71,0.85,0.5061,0.0029,1.33,77,0.68,0.841,NH
2,0,1,8,3,3,3.41,-1.8,0.43,45.9,53.78,1.61,0.2835,0.0038,1.18,70,0.9,0.925,NH
2,0,2,10,9,6,-2.63,0.81,-0.26,15.5,5.6,0.18,0.6737,0.0081,1.18,0.1,0.7,1.11,NH
0,0,0,13,5,3.5,-2.38,0.73,-0.18,74.1,61.18,1.91,0.7763,0.0054,1.01,0.1,0.81,0.9,NH
2,0,2,8,4,4.5,1.32,-0.24,0.17,26.4,16.88,0.8,0,0,1.18,70,0.9,0.925,NH
4,0.167,4,9,10,6,-10.75,1.97,-1.19,28,17.52,0.83,0.9517,0.007,1.36,6,1.73,1.115,NH
0,0,0,8,8,6,-3.17,0.65,-0.4,73.5,30.56,1.09,0.2569,0.0028,1.15,0.1,0.73,1.144,NH
0,0,0,8,4,3,-1.11,0.23,-0.14,82.7,25.79,0.92,0,0,1.18,70,0.9,0.925,NH
1,0,1,6,2,1,-1.43,0.29,-0.24,86.9,28.37,1.01,0.078,0.0008,1.5,0.1,0.67,0.986,NH
1,0,1,9,5,4.5,-0.13,0.03,-0.01,92.1,29.66,1.06,0,0,1.36,6,1.73,1.115,NH
3,0,2,5,2,4,-0.09,0.02,-0.02,60.8,27.66,0.99,0,0,1.36,6,1.73,1.115,NH
2,0,0,1,3,4.5,-0.05,0.01,-0.05,62.6,29.89,1.07,0,0,0.91,1,1.24,0.944,NH
2,1,1,6,4,4,-2.48,0.51,-0.41,36.7,28.94,1.03,0.1718,0.0041,1.5,0.1,0.67,0.986,NH
2,0,1,13,5,4.5,-2.62,1.02,-0.2,44.3,25.07,0.74,0.3858,0.0034,0.81,55,1.09,0.817,NH
5,0.2,5,7,3,5.5,0,0,0,16.3,20.92,0.62,0,0,1.19,0.1,1.73,1.154,NH
1,0,0,11,7,4,-9.75,3.78,-0.89,42,31.85,0.95,0.436,0.0026,1.19,0.1,1.73,1.154,NH
1,0,1,10,5,4,-1.4,0.36,-0.14,32.6,27.53,0.88,0.4311,0.0058,1.18,0.1,0.7,1.11,NH
3,0,2,7,12,6,-11.95,3.1,-1.71,19.5,15.87,0.51,0.758,0.0099,0,42,0.15,1.309,NH
1,0,0,12,5,5.5,-0.92,0.24,-0.08,41.3,13.92,0.45,0.2255,0.0029,1.01,0.1,0.81,0.9,NH
2,1,2,8,7,4,-9.56,3.08,-1.2,53.3,31.34,0.98,0.5612,0.0045,1.18,70,0.9,0.925,NH
3,0.667,3,1,1,3.5,-0.02,0.01,-0.02,36.7,36.01,1.13,-0.0241,-0.0003,1.19,0.1,1.73,1.154,NH
2,0,2,9,4,3.5,-0.09,0.03,-0.01,48.2,29.95,0.94,0.2921,0.0039,1.06,0.1,0.46,0.992,NH
3,0,1,11,16,8.5,-28.27,9.12,-2.57,37.6,26.38,0.83,1.3132,0.0062,1.19,0.1,1.73,1.154,NH
6,0.1,4,14,8,7,-11.64,3.76,-0.83,12,17.3,0.54,0.8412,0.0127,1.33,77,0.68,0.841,NH
1,0,1,7,3,3,-0.18,0.06,-0.03,56.7,23.3,0.73,-0.8361,-0.0124,0,42,0.15,1.309,NH
1,0,1,7,1,1.5,-0.08,0.03,-0.01,77.5,56.09,1.76,1.4145,0.0075,1.19,0.1,1.73,1.154,NH
4,0.333,4,7,3,3,-1,0.32,-0.14,38,25.92,0.81,0.2317,0.0027,0.91,1,1.24,0.944,NH
3,0,3,9,4,4,-7.74,2.5,-0.86,24.9,25.76,0.81,0.6895,0.006,1.36,6,1.73,1.115,NH
4,0.333,3,10,15,8.5,-10.94,3.53,-1.09,14,30.98,0.97,0.203,0.0033,1.06,0.1,0.46,0.992,NH
3,0,2,11,5,5,-2.24,0.62,-0.2,33.6,18.29,0.67,0.5615,0.0063,1.25,18,0.96,1.058,NH
4,0,3,2,1,2.5,-0.02,0.01,-0.01,3.8,17.42,0.64,0,0,0.81,55,1.09,0.817,NH
0,0,0,9,4,3,-0.91,0.25,-0.1,72.8,43.23,1.59,0.1836,0.0012,0.91,1,1.24,0.944,NH
0,0,0,6,3,2,-4.23,1.17,-0.71,77.4,32.66,1.2,0.7101,0.0063,1.5,0.1,0.67,0.986,NH
3,0.333,3,4,4,3.5,-9.19,2.54,-2.3,65.6,20.86,0.77,0.3809,0.011,1.4,0.1,0.32,0.917,NH
1,0,0,6,3,3,-0.09,0.02,-0.01,64.3,29.52,1.09,0.006,0.0001,1.26,33,1.47,0.994,NH
3,0,2,10,2,3.5,-2.28,0.61,-0.23,23.8,18.99,0.61,0.1831,0.0046,1.18,0.1,0.7,1.11,NH
1,0,1,11,6,5,-10.54,2.83,-0.96,36,25.41,0.82,1.3308,0.0083,1.52,33,0.97,1.2,NH
7,0.143,6,5,3,3.5,-0.29,0.08,-0.06,512.5,39.37,1.27,0.0622,0.0003,1.52,33,0.97,1.2,NH
0,0,0,7,5,3,-1.24,0.33,-0.18,79.7,28.1,0.91,0.1809,0.0016,0,42,0.15,1.309,NH
1,0,1,2,1,2.5,-0.04,0.01,-0.02,62.4,35.51,0.98,0.0236,0.0005,1.5,0.1,0.67,0.986,NH
4,0.167,3,9,12,8,3.09,-1.07,0.34,10.9,31.83,0.88,0.5021,0.0068,1.36,6,1.73,1.115,NH
2,0,1,11,5,4,-3.95,1.36,-0.36,30,56.65,1.56,0.2849,0.0035,1.52,33,0.97,1.2,NH
4,0.333,2,13,11,7,-7.8,2.69,-0.6,35.7,30.39,0.84,1.0303,0.006,1.01,0.1,0.81,0.9,NH
1,0,1,10,7,5.5,-5.73,1.98,-0.57,35.6,28.52,0.79,0.3666,0.0059,1.15,0.1,0.73,1.144,NH
1,0,1,9,7,5,-1.67,0.58,-0.19,72.4,38.41,1.06,0.3307,0.0022,1.36,6,1.73,1.115,NH
2,0,1,9,1,2.5,0.9,-0.31,0.1,55.4,30.01,0.83,0.0151,0.0002,0.91,1,1.24,0.944,NH
1,0,1,2,1,3,-0.01,0,-0.01,39.2,17.61,0.49,0,0,1.5,0.1,0.67,0.986,NH
1,0,0,10,7,4.5,-3.15,1.09,-0.32,61.6,21.24,0.59,0.9111,0.0071,1.18,0.1,0.7,1.11,NH
0,0,0,10,5,3,-1.91,0.66,-0.19,85.5,27.36,0.76,0.2983,0.0022,1.15,0.1,0.73,1.144,NH
3,0,2,1,2,4,0,0,0,6.1,17.94,0.5,0,0,1.18,0.1,0.7,1.11,NH
3,0.333,2,9,5,4.5,-4.41,1.52,-0.49,30.4,32.1,0.89,0.3209,0.0036,0.91,1,1.24,0.944,NH
4,0.167,1,6,6,4,-2.57,0.89,-0.43,5.1,21.64,0.6,0.4886,0.015,1.5,0.1,0.67,0.986,NH
4,0.167,2,9,9,6.5,-12.8,4.42,-1.42,9.1,23.38,0.65,0.1873,0.005,0.91,1,1.24,0.944,NH
5,0.2,4,11,13,8,-15.01,5.18,-1.36,2.9,19.75,0.55,1.0682,0.0084,1.25,18,0.96,1.058,NH
4,0.167,2,10,6,5,-2.33,0.8,-0.23,51,34.23,0.95,0.4748,0.0035,1.09,66,0.91,0.866,NH
6,0.133,1,6,2,4,-0.09,0.03,-0.01,0,18.51,0.51,0,0,1.26,33,1.47,0.994,NH
2,1,2,8,8,5.5,-2.02,0.7,-0.25,35.6,32.86,0.91,0.6084,0.0066,1.18,70,0.9,0.925,NH
4,0.167,4,9,2,3,4.83,-1.67,0.54,6.6,30.09,0.83,0.0186,0.0017,1.36,6,1.73,1.115,NH
4,0.333,2,14,16,10,-8.77,3.37,-0.63,13.8,43.79,1.09,1.041,0.008,1.26,33,1.47,0.994,NH
0,0,0,15,8,7,-0.44,0.17,-0.03,55.6,48.64,1.21,0.0678,0.0006,0.81,55,1.09,0.817,NH
2,0,2,9,10,6.5,-7.67,2.94,-0.85,26.3,45.48,1.13,0.5586,0.005,0.91,1,1.24,0.944,NH
1,0,1,9,2,2.5,-1.58,0.61,-0.18,76.4,38.83,0.97,0.0101,0.0001,1.26,33,1.47,0.994,NH
1,0,1,3,2,2.5,-0.01,0,0,108.7,32.27,0.81,0,0,1.15,0.1,0.73,1.144,NH
2,0,2,9,1,3,-0.65,0.25,-0.07,44.5,45.41,1.13,0.1301,0.0017,1.36,6,1.73,1.115,NH
3,0.333,3,7,1,2.5,-0.07,0.03,-0.01,31.6,42.64,1.06,0,0,1.18,70,0.9,0.925,NH
2,0,1,11,9,7,-7.53,2.89,-0.68,48.9,42.6,1.06,0.6472,0.0037,1.19,0.1,1.73,1.154,NH
2,0,0,9,4,4.5,-2.02,0.78,-0.22,17.5,26.62,0.66,0.0165,0.0007,1.18,0.1,0.7,1.11,NH
1,0,1,14,9,5.5,-6.81,2.61,-0.49,49.6,24.35,0.61,1.1426,0.0077,1.26,33,1.47,0.994,NH
0,0,0,10,1,1.5,-0.46,0.18,-0.05,95.5,57.93,1.45,0.2062,0.0015,1.15,0.1,0.73,1.144,NH
1,0,1,6,2,1,-3.39,1.3,-0.57,86.8,58.3,1.45,0.5286,0.003,1.5,0.1,0.67,0.986,NH
2,1,2,10,5,3.5,-2.28,0.88,-0.23,40.6,34.56,0.86,0.4804,0.0057,1.18,0.1,0.7,1.11,NH
4,0.167,2,13,12,7.5,-8.6,3.3,-0.66,0,34.73,0.87,2.1493,0.021,1.01,0.1,0.81,0.9,NH
3,0,2,9,5,3.5,-4.94,1.9,-0.55,33,53.48,1.33,0.2313,0.0032,1.36,6,1.73,1.115,NH
2,0,2,16,8,6.5,-3.19,1.3,-0.2,12.9,28.99,0.59,4.2998,0.072,0.81,55,1.09,0.817,NH
3,0,2,11,8,6,5.18,-1.64,0.47,33.2,61.34,2.37,1,0.0071,1.52,33,0.97,1.2,NH
1,0,1,9,10,8.5,-0.71,0.19,-0.08,20.1,25.04,0.61,0.4787,0.0078,1.18,0.1,0.7,1.11,NH
0,0,0,8,5,3.5,-8.65,2.26,-1.08,62.5,34.46,0.83,0.4635,0.0042,1.18,70,0.9,0.925,NH
1,0,1,9,7,4.5,-11.72,3.07,-1.3,64.1,66.59,1.61,0.4808,0.0037,1.36,6,1.73,1.115,NH
2,0,1,5,3,3,-0.26,0.07,-0.05,25.3,42.99,1.86,0.908,0.0193,1.5,0.1,0.67,0.986,NH
4,0.333,4,9,10,6,-6.13,1.66,-0.68,35.8,35.27,1.52,-0.6576,-0.008,1.52,33,0.97,1.2,NH
4,0.667,3,10,5,4.5,-9.37,2.54,-0.94,20.3,24.81,1.07,0.7274,0.0105,1.06,0.1,0.46,0.992,NH
3,0,3,1,2,4,-0.01,0,-0.01,18.6,28.29,1.22,-0.1013,-0.0067,1.15,0.1,0.73,1.144,NH
1,0,1,7,5,3.5,-1.65,0.45,-0.24,85,24.4,1.05,0.3352,0.0032,1.15,0.1,0.73,1.144,NH
3,0.667,3,11,10,7,-7.35,1.99,-0.67,52.9,20.06,0.87,0.5451,0.0051,1.52,33,0.97,1.2,NH
3,0.333,1,9,12,9.5,-11.54,3.13,-1.28,11.7,15.97,0.69,0.813,0.0074,0.91,1,1.24,0.944,NH
5,0,3,11,21,12,-12.78,3.47,-1.16,12.6,10.72,0.46,0.087,0.0007,1.52,33,0.97,1.2,NH
1,0,0,6,16,8.5,-8.76,2.38,-1.46,4.8,5.85,0.25,0.1247,0.0015,1.5,0.1,0.67,0.986,NH
3,0,1,10,15,9,-3.87,1.05,-0.39,28.8,14.96,0.65,0.1108,0.0015,1.18,0.1,0.7,1.11,NH
4,0,1,6,2,3,-0.08,0.02,-0.01,52.5,15.96,0.69,-0.0699,-0.0006,1.19,0.1,1.73,1.154,NH
2,0,1,6,7,4.5,-6.34,1.72,-1.06,26.6,13.94,0.6,-0.8864,-0.01,1.5,0.1,0.67,0.986,NH
1,0,1,7,7,5.5,-2.74,0.74,-0.39,42.6,20.49,0.89,-0.5042,-0.0061,1.18,70,0.9,0.925,NH
1,0,0,9,2,2,-0.02,0.01,0,68.5,43.27,1.87,-0.1209,-0.0012,1.36,6,1.73,1.115,NH
0,0,0,7,1,2,0,0,0,108.7,48.29,2.09,0.7185,0.0052,1.18,70,0.9,0.925,NH
2,1,2,4,3,4,-0.03,0.01,-0.01,57.2,33.72,1.46,0.7522,0.0064,0.91,1,1.24,0.944,NH
4,0.167,3,11,9,5.5,-3.16,1.34,-0.29,37.2,44.45,1.33,0.7934,0.0077,1.09,66,0.91,0.866,NH
3,0.333,2,9,7,5.5,-0.74,0.31,-0.08,38.7,30.21,0.91,0.0902,0.0014,1.36,6,1.73,1.115,NH
2,0,2,8,6,4,-4.68,1.98,-0.58,26.1,10,0.3,0.6292,0.0058,0.91,1,1.24,0.944,NH
2,0,1,6,8,6,-2.26,0.96,-0.38,22.3,10,0.3,0.6318,0.0139,1.5,0.1,0.67,0.986,NH
3,0,1,9,10,8.5,-7.17,3.03,-0.8,2.3,20,0.6,0.4043,0.01,0.91,1,1.24,0.944,NH
3,0.333,2,1,4,4,-0.06,0.05,-0.06,45.4,20,0.6,0,0,1.4,0.1,0.32,0.917,NH
1,0,1,6,4,3.5,-3.31,0.84,-0.55,40.1,57.5,0.89,-0.5388,-0.0123,1.5,0.1,0.67,0.986,NH
1,0,0,9,6,4,-4.27,1.08,-0.47,76.1,79.59,1.24,0.5237,0.0035,1.36,6,1.73,1.115,NH
4,0.333,4,11,7,6.5,-11.55,2.93,-1.05,9.4,43.2,0.67,0.2817,0.0072,1.19,0.1,1.73,1.154,NH
2,1,2,9,8,5.5,-11,2.79,-1.22,42.3,63.64,0.99,1.6487,0.01,0.91,1,1.24,0.944,NH
0,0,0,10,8,5.5,-11.81,3,-1.18,54,40.82,0.64,0.5131,0.0039,1.18,0.1,0.7,1.11,NH
6,0.067,6,12,18,11,-28.15,8.17,-2.35,3.9,17.87,0.76,3.357,0.0207,1.09,66,0.91,0.866,NH
5,0.3,5,12,7,6,-8.64,2.51,-0.72,11.4,17.38,0.74,0.4675,0.0077,1.09,66,0.91,0.866,NH
4,0,4,12,9,7.5,-7.73,3.11,-0.64,15.6,14.95,0.55,1.1878,0.0115,1.09,66,0.91,0.866,NH
2,0,2,10,4,4.5,-1.93,0.78,-0.19,38,21.16,0.77,0.4096,0.0053,1.18,0.1,0.7,1.11,NH
1,0,1,6,5,3,-11.15,4.49,-1.86,41.3,14.18,0.52,0.7014,0.0093,1.5,0.1,0.67,0.986,NH
3,0.333,1,11,6,3.5,-1.43,0.58,-0.13,23.1,55.16,2.01,1.0061,0.0103,1.26,33,1.47,0.994,NH
3,0.333,3,7,4,4.5,-3.29,1.33,-0.47,13.7,21.33,0.78,0.5142,0.0079,1.18,70,0.9,0.925,NH
3,0,3,10,8,7,-7.01,2.82,-0.7,25.3,18.66,0.68,1.0656,0.0106,1.15,0.1,0.73,1.144,NH
2,0,2,5,5,4.5,-0.86,0.36,-0.17,70.1,24.1,0.82,0.1274,0.0012,1.18,0.1,0.7,1.11,NH
1,0,1,1,3,3,-0.05,0.02,-0.05,111.1,16.71,0.57,0,0,1.15,0.1,0.73,1.144,NH
1,0,1,4,2,2,4.16,-1.74,1.04,65.5,18.37,0.62,0,0,1.18,70,0.9,0.925,NH
7,0.333,4,12,4,3.5,-2.39,1,-0.2,5.5,17.87,0.61,0.354,0.018,1.09,66,0.91,0.866,NH
3,0.333,2,6,7,5,-4.71,1.67,-0.79,7.2,18.95,1.07,0.7029,0.0148,1.5,0.1,0.67,0.986,NH
3,0,2,6,7,5.5,-8.46,3,-1.41,0.4,14.94,0.84,1.2508,0.0299,1.5,0.1,0.67,0.986,NH
8,0.19,6,9,5,6.5,-4.89,1.74,-0.54,4.5,16.34,0.92,0.5638,0.0184,1.33,77,0.68,0.841,NH
5,0.1,5,11,9,7,-3.54,1.26,-0.32,34.6,20.46,1.16,0.5752,0.0039,1.19,0.1,1.73,1.154,NH
3,0.333,2,14,5,5,-3.18,1.13,-0.23,4.5,12.96,0.73,0.3007,0.0255,0.81,55,1.09,0.817,NH
3,0.333,2,10,8,6,-4.41,1.81,-0.44,16.2,13.88,0.85,0.378,0.0095,1.06,0.1,0.46,0.992,NH
4,0.167,2,10,4,4,-1.56,0.64,-0.16,42,13.68,0.84,0.4324,0.0055,1.18,0.1,0.7,1.11,NH
4,0.5,3,10,6,6,-9.8,4.03,-0.98,26.8,13.97,0.85,0.6237,0.0089,1.15,0.1,0.73,1.144,NH
8,0.107,6,9,9,7,-2.21,0.64,-0.25,0.7,12.89,0.58,0.2891,0.0108,1.09,66,0.91,0.866,NH
4,0.667,3,11,8,8.5,-23.22,6.68,-2.11,7.1,16.93,0.76,0.3259,0.007,1.19,0.1,1.73,1.154,NH
3,0.333,2,9,8,6.5,-14.87,4.28,-1.65,4.3,20.34,0.91,0.8089,0.0124,0.91,1,1.24,0.944,NH
3,0.667,3,9,7,7.5,-5.94,1.71,-0.66,4,16.3,0.73,0.3616,0.0104,1.36,6,1.73,1.115,NH
4,0,4,1,2,4,-0.02,0.01,-0.02,0,4.83,0.22,0,0,1.01,0.1,0.81,0.9,NH
0,0,0,4,2,2,-0.13,0.04,-0.03,76.8,37.21,1.67,0.1502,0.0011,1.36,6,1.73,1.115,NH
1,0,1,1,1,2,0,0,0,79.7,33.23,1.49,0,0,1.4,0.1,0.32,0.917,NH
2,0,2,2,2,3,-0.02,0.01,-0.01,13.2,37,1.66,0,0,1.5,0.1,0.67,0.986,NH
4,0.333,3,10,7,7,2.61,-0.75,0.26,23,18.46,0.83,0.9967,0.0097,1.06,0.1,0.46,0.992,NH
4,0.167,4,10,8,8.5,-5.22,1.5,-0.52,1.6,12.48,0.56,0.3977,0.014,1.06,0.1,0.46,0.992,NH
4,0,3,11,3,4.5,-3.92,1.13,-0.36,35.7,16.39,0.74,0.1576,0.0023,1.52,33,0.97,1.2,NH
3,0,1,9,8,7.5,-8.03,2.31,-0.89,19.2,20.61,0.93,1.3102,0.014,1.25,18,0.96,1.058,NH
1,0,1,4,2,4,-0.09,0.03,-0.02,36.7,18.56,0.83,0.0015,0,1.18,70,0.9,0.925,NH
2,0,1,5,2,4,-0.11,0.03,-0.02,63.6,30.49,1.37,0.1041,0.0009,1.52,33,0.97,1.2,NH
2,0,1,12,13,9.5,-13.21,3.8,-1.1,24.2,28.79,1.29,1.0902,0.0079,1.09,66,0.91,0.866,NH
4,0,3,11,13,8,-7.56,2.17,-0.69,24.5,37.07,1.67,1.4296,0.0085,1.52,33,0.97,1.2,NH
1,0,1,5,4,3.5,-1.98,0.57,-0.4,56,47.34,2.13,0.3155,0.0031,0,42,0.15,1.309,NH
0,0,0,5,3,4.5,-0.58,0.17,-0.12,11.2,38.52,1.73,0.2821,0.0106,1.5,0.1,0.67,0.986,NH
2,0,2,7,4,3.5,-0.14,0.04,-0.02,32.6,35.06,1.58,0.0857,0.0011,1.36,6,1.73,1.115,NH
3,0,2,6,12,6.5,-15.17,4.36,-2.53,11.7,20.1,0.9,2.4201,0.0241,1.5,0.1,0.67,0.986,NH
3,0,1,10,13,8.5,-6,1.73,-0.6,35.7,17.54,0.79,0.7713,0.0103,1.15,0.1,0.73,1.144,NH
2,0,1,7,6,4.5,1.77,-0.51,0.25,83,34.91,1.57,0.014,0.0001,1.36,6,1.73,1.115,NH
4,0.5,2,2,1,2,0,0,0,40.8,18.87,0.85,0,0,1.25,18,0.96,1.058,NH
3,0,2,6,6,3.5,-3.82,1.1,-0.64,0.4,7.39,0.33,0.7185,0.0277,1.5,0.1,0.67,0.986,NH
3,0,3,5,3,4,-1.58,0.45,-0.32,0,14.34,0.64,0.4423,0.0557,2.32,26,0.55,1.035,NH
2,0,1,9,3,3,-2.39,0.69,-0.27,38.8,37.59,1.69,0.3774,0.0044,1.36,6,1.73,1.115,NH
3,0.333,3,9,5,4,-4.82,1.39,-0.54,33.4,29.74,1.34,0.3021,0.0037,0.91,1,1.24,0.944,NH
3,0,1,6,7,5,-10.72,3.08,-1.79,0.1,24.61,1.11,4.0034,0.0534,2.32,26,0.55,1.035,NH
2,0,2,5,5,6,-1.09,0.31,-0.22,0,9.33,0.42,0.3415,0.0303,1.5,0.1,0.67,0.986,NH
3,0,2,2,1,4,0,0,0,0.8,6.83,0.31,0,0,1.01,0.1,0.81,0.9,NH
1,0,1,11,10,6,-7.91,2.27,-0.72,65,23.15,1.04,1.0714,0.0063,1.52,33,0.97,1.2,NH
1,0,1,9,12,7.5,-3.32,0.95,-0.37,55.4,23.64,1.06,0.7907,0.0049,0.91,1,1.24,0.944,NH
3,0,3,7,1,4,-0.04,0.01,-0.01,16.1,13.33,0.6,0,0,1.36,6,1.73,1.115,NH
4,0,4,11,9,7,2.33,-0.67,0.21,19.3,24.1,1.08,0.4563,0.0056,1.19,0.1,1.73,1.154,NH
4,0.333,4,10,14,7.5,-14.78,4.25,-1.48,11.1,26.66,1.2,1.4984,0.0104,1.15,0.1,0.73,1.144,NH
3,0.333,2,6,3,2,-0.48,0.14,-0.08,73.9,49.41,2.22,0.1133,0.0009,1.15,0.1,0.73,1.144,NH
2,0,1,10,4,3.5,-0.27,0.08,-0.03,41.5,42.28,1.9,0.4212,0.0048,1.18,0.1,0.7,1.11,NH
3,0,1,6,1,2.5,-0.25,0.07,-0.04,28.2,24.56,1.1,0,0,1.33,77,0.68,0.841,NH
0,0,0,5,3,3.5,-0.21,0.06,-0.04,72.9,28.26,1.27,0.1882,0.0024,1.5,0.1,0.67,0.986,NH
1,0,0,6,2,2,-0.07,0.02,-0.01,83.2,26.82,1.21,0,0,1.5,0.1,0.67,0.986,NH
5,0.7,5,10,12,8.5,-16.39,5.16,-1.64,0,12.68,0.56,1.0198,0.017,1.15,0.1,0.73,1.144,NH
2,0,1,3,4,5,-0.06,0.02,-0.02,17.6,6.65,0.29,0,0,1,54,1.64,0.782,NH
3,0,2,14,13,9,-11.03,3.47,-0.79,21,10.35,0.46,3.2446,0.0292,1.26,33,1.47,0.994,NH
5,0.1,5,11,13,10,-16.41,5.17,-1.49,3.3,16.65,0.73,0.8359,0.0089,1.19,0.1,1.73,1.154,NH
4,0.333,3,11,6,6,-2.04,0.64,-0.19,6.2,13.02,0.57,0.4529,0.0073,1.19,0.1,1.73,1.154,NH
2,0,2,7,11,6,-9.52,3,-1.36,25.8,25.14,1.11,1.2,0.0104,0,42,0.15,1.309,NH
1,0,1,9,4,2.5,-0.64,0.2,-0.07,81.8,29,1.28,0.0908,0.0008,1.18,0.1,0.7,1.11,NH
1,0,0,1,1,3,0,0,0,58.8,19.25,0.85,0,0,1.5,0.1,0.67,0.986,NH
8,0.214,6,11,15,10,-23.03,7.25,-2.09,14.4,27.03,1.19,0.922,0.0077,1.19,0.1,1.73,1.154,NH
6,0.067,4,14,6,6,-2.88,0.91,-0.21,0,9.17,0.4,0.5371,0.0389,1.26,33,1.47,0.994,NH
4,0.667,3,6,5,3,-1.32,0.42,-0.22,7,12.37,0.54,0.502,0.0226,1.5,0.1,0.67,0.986,NH
2,0,2,4,2,3.5,-0.92,0.29,-0.23,9,8.69,0.38,0.1705,0.0149,2.32,26,0.55,1.035,NH
2,0,1,6,2,2.5,-3.65,1.15,-0.61,20.1,11.03,0.49,1.7141,0.0231,2.32,26,0.55,1.035,NH
1,0,1,6,7,5.5,-1.59,0.5,-0.26,4.8,8.02,0.35,0.7086,0.0233,1.5,0.1,0.67,0.986,NH
2,0,1,3,2,5,-0.02,0.01,-0.01,0.1,16.19,0.71,0,0,1.01,0.1,0.81,0.9,NH
4,0.5,4,11,7,6,-1.09,0.34,-0.1,25.1,40.72,1.79,0.1727,0.0031,1.52,33,0.97,1.2,NH
1,0,1,9,8,6.5,-0.53,0.17,-0.06,68.1,34.78,1.53,0.3462,0.0025,0.91,1,1.24,0.944,NH
3,0.667,3,7,4,5.5,-1.69,0.53,-0.24,1.6,21.47,0.95,0.2757,0.0103,1.52,33,0.97,1.2,NH
1,0,0,5,3,4,-0.39,0.12,-0.08,6.8,23.55,1.04,0,0,1.19,0.1,1.73,1.154,NH
0,0,0,10,4,2.5,-1.95,0.61,-0.2,101.1,35.27,1.55,0.3311,0.0024,1.15,0.1,0.73,1.144,NH
0,0,0,4,1,1,-0.18,0.06,-0.04,65.8,48.78,2.15,0.0152,0.0001,1.15,0.1,0.73,1.144,NH
2,1,2,2,1,0.5,-0.01,0,-0.01,54.2,41.4,1.82,0,0,1.52,33,0.97,1.2,NH
0,0,0,2,3,3.5,-0.02,0.01,-0.01,71.4,17.48,0.77,0,0,1.5,0.1,0.67,0.986,NH
